model,bp,condition,track,pearson_mean
cnn,4096,intact,Adipose_Subcutaneous,0.6597041691442714
cnn,4096,intact,Adipose_Visceral_Omentum,0.6480406890144896
cnn,4096,intact,Adrenal_Gland,0.6535240845126816
cnn,4096,intact,Artery_Aorta,0.6436428319620163
cnn,4096,intact,Artery_Coronary,0.6465937552400348
cnn,4096,intact,Artery_Tibial,0.6524240201420891
cnn,4096,intact,Bladder,0.6951648623693236
cnn,4096,intact,Brain_Amygdala,0.6446727621570093
cnn,4096,intact,Brain_Anterior_cingulate_cortex_BA24,0.6479145966019609
cnn,4096,intact,Brain_Caudate_basal_ganglia,0.655526994035346
cnn,4096,intact,Brain_Cerebellar_Hemisphere,0.6570783477335773
cnn,4096,intact,Brain_Cerebellum,0.6652797133453344
cnn,4096,intact,Brain_Cortex,0.6485225917636789
cnn,4096,intact,Brain_Frontal_Cortex_BA9,0.6473837900697534
cnn,4096,intact,Brain_Hippocampus,0.6438091587580984
cnn,4096,intact,Brain_Hypothalamus,0.660799334050883
cnn,4096,intact,Brain_Nucleus_accumbens_basal_ganglia,0.6585693197795951
cnn,4096,intact,Brain_Putamen_basal_ganglia,0.642811263699646
cnn,4096,intact,Brain_Spinal_cord_cervical_c1,0.6552715684966331
cnn,4096,intact,Brain_Substantia_nigra,0.6410986092364984
cnn,4096,intact,Breast_Mammary_Tissue,0.6771682096547852
cnn,4096,intact,Cells_EBV-transformed_lymphocytes,0.711269765644594
cnn,4096,intact,Cells_Transformed_fibroblasts,0.690890309499038
cnn,4096,intact,Cervix_Ectocervix,0.6761015171840695
cnn,4096,intact,Cervix_Endocervix,0.6972069440525089
cnn,4096,intact,Colon_Sigmoid,0.6668997797913709
cnn,4096,intact,Colon_Transverse,0.6681274751981485
cnn,4096,intact,Esophagus_Gastroesophageal_Junction,0.6800899838761838
cnn,4096,intact,Esophagus_Mucosa,0.6507733302559586
cnn,4096,intact,Esophagus_Muscularis,0.6772973814477187
cnn,4096,intact,Fallopian_Tube,0.6886435917480273
cnn,4096,intact,Heart_Atrial_Appendage,0.6328366601794295
cnn,4096,intact,Heart_Left_Ventricle,0.6134790816184595
cnn,4096,intact,Kidney_Cortex,0.6641066744862555
cnn,4096,intact,Liver,0.5971056828762445
cnn,4096,intact,Lung,0.658955518172525
cnn,4096,intact,Minor_Salivary_Gland,0.6735056555633037
cnn,4096,intact,Muscle_Skeletal,0.5990916284452522
cnn,4096,intact,Nerve_Tibial,0.6793629304206442
cnn,4096,intact,Ovary,0.6872416248675118
cnn,4096,intact,Pancreas,0.6643688236123921
cnn,4096,intact,Pituitary,0.712691363960697
cnn,4096,intact,Prostate,0.6875368150225091
cnn,4096,intact,Skin_Not_Sun_Exposed_Suprapubic,0.6537694265129789
cnn,4096,intact,Skin_Sun_Exposed_Lower_leg,0.655644260664861
cnn,4096,intact,Small_Intestine_Terminal_Ileum,0.6385535174059666
cnn,4096,intact,Spleen,0.6589905374919848
cnn,4096,intact,Stomach,0.6729623417027307
cnn,4096,intact,Testis,0.6437695134993772
cnn,4096,intact,Thyroid,0.6766526672821285
cnn,4096,intact,Uterus,0.691710277972675
cnn,4096,intact,Vagina,0.6692377993464302
cnn,4096,intact,Whole_Blood,0.5154520907958418
cnn,4096,intact,cardiac ventricle fibroblast,0.7005918320930196
cnn,4096,intact,hair follicular keratinocyte,0.7505325908399393
cnn,4096,intact,airway epithelial cell,0.7496958274242828
cnn,4096,intact,epithelial cell of proximal tubule,0.7749315583774186
cnn,4096,intact,pericardium fibroblast,0.7064694425319479
cnn,4096,intact,mesangial cell,0.7575669103192659
cnn,4096,intact,bronchial fibroblast,0.7504634587101187
cnn,4096,intact,glomerular endothelial cell,0.729605318510156
cnn,4096,intact,kidney epithelial cell,0.7888032472347667
cnn,4096,intact,mammary microvascular endothelial cell,0.7365933925323702
cnn,4096,intact,epithelial cell of alveolus of lung,0.7241268354295909
cnn,4096,intact,myometrial cell,0.7135898625921726
cnn,4096,intact,cardiac atrium fibroblast,0.7242459307047436
cnn,4096,intact,endometrial microvascular endothelial cell,0.7419244926882437
cnn,4096,intact,smooth muscle cell,0.740930330191317
cnn,4096,intact,hepatocyte,0.7519932890025066
cnn,4096,intact,neural progenitor cell,0.7889529362334796
cnn,4096,intact,HT1080,0.7635555808803923
cnn,4096,intact,SK-N-DZ,0.7751662354607426
cnn,4096,intact,SK-MEL-5,0.7614921085340596
cnn,4096,intact,NCI-H460,0.767954656019539
cnn,4096,intact,astrocyte,0.7277443241200218
cnn,4096,intact,LHCN-M2,0.760279346962049
cnn,4096,intact,K562,0.7301644600618283
cnn,4096,intact,HepG2,0.7581898395395757
cnn,4096,intact,MCF-7,0.7623214231103663
cnn,4096,intact,bipolar spindle neuron,0.7427207830491057
cnn,4096,intact,skeletal muscle myoblast,0.7283768561921852
cnn,4096,intact,myotube,0.7133677042478074
cnn,4096,intact,H7-hESC,0.7628136419816213
cnn,4096,intact,RPMI-7951,0.7393696211723234
cnn,4096,intact,M059J,0.7452608376888036
cnn,4096,intact,H4,0.7421191763192213
cnn,4096,intact,MG63,0.762937899541685
cnn,4096,intact,G401,0.7539971674862612
cnn,4096,intact,Caki2,0.7543105891158776
cnn,4096,intact,SJSA1,0.7678331400050299
cnn,4096,intact,Daoy,0.7747474676553264
cnn,4096,intact,A172,0.7617466690993627
cnn,4096,intact,induced pluripotent stem cell,0.7754112675512189
cnn,4096,intact,fibroblast of arm,0.7084001285149931
cnn,4096,intact,A375,0.7570186415691799
cnn,4096,intact,HT-29,0.7032565565899747
cnn,4096,intact,PC-3,0.7509309287222853
cnn,4096,intact,Karpas-422,0.7153925038104431
cnn,4096,intact,Oci-Ly-7,0.7423461084014864
cnn,4096,intact,SJCRH30,0.7539375573961967
cnn,4096,intact,neural cell,0.7360513354530159
cnn,4096,intact,umbilical cord,0.712681679109168
cnn,4096,intact,pericyte cell,0.7371754942120025
cnn,4096,intact,melanocyte of skin,0.7509166915941535
cnn,4096,intact,placental epithelial cell,0.7261679335393264
cnn,4096,intact,hair follicle dermal papilla cell,0.7022204695187617
cnn,4096,intact,hematopoietic multipotent progenitor cell,0.7092162025676713
cnn,4096,intact,vein endothelial cell,0.733077730415182
cnn,4096,intact,osteoblast,0.7157935914933239
cnn,4096,intact,articular chondrocyte of knee joint,0.7281397760951549
cnn,4096,intact,thoracic aorta endothelial cell,0.7523194822985678
cnn,4096,intact,fibroblast of the aortic adventitia,0.7352396106903125
cnn,4096,intact,skeletal muscle satellite cell,0.7351408082460549
cnn,4096,intact,fibroblast of dermis,0.7295423455930646
cnn,4096,intact,mammary epithelial cell,0.7536359734518675
cnn,4096,intact,subcutaneous preadipocyte,0.739616783062402
cnn,4096,intact,fibroblast of villous mesenchyme,0.7306870680301568
cnn,4096,intact,endothelial cell of umbilical vein,0.725950512423986
cnn,4096,intact,fibroblast of lung,0.7203364915940229
cnn,4096,intact,keratinocyte,0.7275397567279906
cnn,4096,intact,stomach,0.7498525795260745
cnn,4096,intact,dermis microvascular lymphatic vessel endothelial cell,0.7156808238695328
cnn,4096,intact,tongue,0.7267984116432379
cnn,4096,intact,lung microvascular endothelial cell,0.6977408099831659
cnn,4096,intact,liver,0.7077550142066835
cnn,4096,intact,smooth muscle cell of the coronary artery,0.7055090776318166
cnn,4096,intact,aortic smooth muscle cell,0.6974227706166736
cnn,4096,intact,cerebellum,0.7408086341936032
cnn,4096,intact,occipital lobe,0.7359568895597022
cnn,4096,intact,lung,0.7548167721598874
cnn,4096,intact,metanephros,0.7543228919569712
cnn,4096,intact,bronchial smooth muscle cell,0.6955329790609585
cnn,4096,intact,spinal cord,0.7440507395985178
cnn,4096,intact,parietal lobe,0.727396492560632
cnn,4096,intact,diencephalon,0.736937345069799
cnn,4096,intact,bronchial epithelial cell,0.7400464771308083
cnn,4096,intact,human nasal epithelial cells,0.7461336733120856
cnn,4096,intact,pulmonary artery endothelial cell,0.7366795055877965
cnn,4096,intact,regular cardiac myocyte,0.7286476834406791
cnn,4096,intact,endothelial cell of coronary artery,0.727667599702599
cnn,4096,intact,skeletal muscle tissue,0.6918123084835993
cnn,4096,intact,skin of body,0.7379173574685381
cnn,4096,intact,frontal cortex,0.7184058054904607
cnn,4096,intact,camera-type eye,0.7684172646404178
cnn,4096,intact,dermis lymphatic vessel endothelial cell,0.7136601641007334
cnn,4096,intact,smooth muscle cell of the umbilical artery,0.7208398369912948
cnn,4096,intact,tracheal epithelial cell,0.7514217360043408
cnn,4096,intact,smooth muscle cell of trachea,0.7321733435256287
cnn,4096,intact,renal cortical epithelial cell,0.7730168273219191
cnn,4096,intact,dermis blood vessel endothelial cell,0.7280885290788791
cnn,4096,intact,heart,0.725613671622274
cnn,4096,intact,thyroid gland,0.6921765712609963
cnn,4096,intact,urinary bladder,0.7385703650175278
cnn,4096,intact,temporal lobe,0.7061338746755746
cnn,4096,intact,uterine smooth muscle cell,0.7496697806678764
cnn,4096,intact,epithelial cell of umbilical artery,0.7325076528760341
cnn,4096,intact,smooth muscle cell of the pulmonary artery,0.6932972808833665
cnn,4096,intact,smooth muscle cell of bladder,0.6970688122752199
cnn,4096,intact,bladder microvascular endothelial cell,0.7261427380634623
cnn,4096,intact,uterus,0.7775606521317352
cnn,4096,intact,GM12878,0.7324009422878689
cnn,4096,intact,Universal_Human_Reference,0.7727228438483665
cnn,4096,intact,H1_Cell_Line,0.7216884109512094
cnn,4096,intact,H1_BMP4_Derived_Mesendoderm_Cultured_Cells,0.7320559749324792
cnn,4096,intact,H1_BMP4_Derived_Trophoblast_Cultured_Cells,0.7119623314265427
cnn,4096,intact,H1_Derived_Mesenchymal_Stem_Cells,0.6682628945235086
cnn,4096,intact,H1_Derived_Neuronal_Progenitor_Cultured_Cells,0.7698406869775547
cnn,4096,intact,hESC_Derived_CD184+_Endoderm_Cultured_Cells,0.7630429957243906
cnn,4096,intact,hESC_Derived_CD56+_Ectoderm_Cultured_Cells,0.7779261583703739
cnn,4096,intact,hESC_Derived_CD56+_Mesoderm_Cultured_Cells,0.7429286761195234
cnn,4096,intact,HUES64_Cell_Line,0.751906031636787
cnn,4096,intact,4star,0.7333889776875263
cnn,4096,intact,Breast_Myoepithelial_Cells,0.70196581951632
cnn,4096,intact,Breast_vHMEC,0.7296062487056355
cnn,4096,intact,CD4_Memory_Primary_Cells,0.6738655951298687
cnn,4096,intact,CD4_Naive_Primary_Cells,0.6472655343819776
cnn,4096,intact,CD8_Naive_Primary_Cells,0.6519010402188314
cnn,4096,intact,Mobilized_CD34_Primary_Cells_Female,0.7493175641106143
cnn,4096,intact,Neurosphere_Cultured_Cells_Cortex_Derived,0.7207564388636628
cnn,4096,intact,Neurosphere_Cultured_Cells_Ganglionic_Eminence_Derived,0.7296183852745274
cnn,4096,intact,Penis_Foreskin_Fibroblast_Primary_Cells_skin01,0.7205777833077632
cnn,4096,intact,Penis_Foreskin_Fibroblast_Primary_Cells_skin02,0.6719386206903669
cnn,4096,intact,Penis_Foreskin_Keratinocyte_Primary_Cells_skin02,0.6707885472531391
cnn,4096,intact,Penis_Foreskin_Keratinocyte_Primary_Cells_skin03,0.7313699122594722
cnn,4096,intact,Penis_Foreskin_Melanocyte_Primary_Cells_skin01,0.6450486622493523
cnn,4096,intact,Penis_Foreskin_Melanocyte_Primary_Cells_skin03,0.6943618232301221
cnn,4096,intact,Peripheral_Blood_Mononuclear_Primary_Cells,0.6428063694882162
cnn,4096,intact,Aorta,0.6500549432661229
cnn,4096,intact,Adult_Liver,0.61014732679697
cnn,4096,intact,Brain_Germinal_Matrix,0.713850245079569
cnn,4096,intact,Brain_Hippocampus_Middle,0.6857589877882794
cnn,4096,intact,Esophagus,0.6673608490897927
cnn,4096,intact,Fetal_Brain_Female,0.6722225853420859
cnn,4096,intact,Fetal_Intestine_Large,0.7135632619498634
cnn,4096,intact,Fetal_Intestine_Small,0.7038357136337602
cnn,4096,intact,Pancreatic_Islets,0.7062223894065861
cnn,4096,intact,Gastric,0.7077872029339417
cnn,4096,intact,Left_Ventricle,0.6760725927169706
cnn,4096,intact,Lung.1,0.6980713268109273
cnn,4096,intact,Ovary.1,0.7093282867464391
cnn,4096,intact,Pancreas.1,0.6913252836930913
cnn,4096,intact,Psoas_Muscle,0.6683930130228428
cnn,4096,intact,Right_Atrium,0.6623819017754681
cnn,4096,intact,Right_Ventricle,0.6687074966950459
cnn,4096,intact,Sigmoid_Colon,0.6878523960171675
cnn,4096,intact,Small_Intestine,0.6662708210595661
cnn,4096,intact,Thymus,0.7234179119351651
cnn,4096,intact,Spleen.1,0.6853459827452704
cnn,4096,intact,A549,0.7480331023624366
cnn,4096,intact,GM12878.1,0.7052219120856114
cnn,4096,intact,HELA,0.7325234853944372
cnn,4096,intact,HEPG2,0.7061599000838569
cnn,4096,intact,HMEC,0.7176276769085902
cnn,4096,intact,HSMM,0.7094159464814981
cnn,4096,intact,HUVEC,0.6906963425390987
cnn,4096,intact,K562.1,0.7181738692954965
cnn,4096,intact,NHEK,0.7179172401957384
cnn,4096,intact,NHLF,0.695052350685112
fno,4096,intact,Adipose_Subcutaneous,0.6552267140343829
fno,4096,intact,Adipose_Visceral_Omentum,0.6436251909195337
fno,4096,intact,Adrenal_Gland,0.6452698312269928
fno,4096,intact,Artery_Aorta,0.6353540968699808
fno,4096,intact,Artery_Coronary,0.6390619852518996
fno,4096,intact,Artery_Tibial,0.6493094024341161
fno,4096,intact,Bladder,0.6887291878469198
fno,4096,intact,Brain_Amygdala,0.6390662757482443
fno,4096,intact,Brain_Anterior_cingulate_cortex_BA24,0.6451722713255977
fno,4096,intact,Brain_Caudate_basal_ganglia,0.6552521482015159
fno,4096,intact,Brain_Cerebellar_Hemisphere,0.6502112770023167
fno,4096,intact,Brain_Cerebellum,0.6520890092780921
fno,4096,intact,Brain_Cortex,0.6469269265462173
fno,4096,intact,Brain_Frontal_Cortex_BA9,0.645118319855062
fno,4096,intact,Brain_Hippocampus,0.6390474021351857
fno,4096,intact,Brain_Hypothalamus,0.657442202165291
fno,4096,intact,Brain_Nucleus_accumbens_basal_ganglia,0.6567176384690648
fno,4096,intact,Brain_Putamen_basal_ganglia,0.6420876770871767
fno,4096,intact,Brain_Spinal_cord_cervical_c1,0.6477101935708157
fno,4096,intact,Brain_Substantia_nigra,0.6352782281970145
fno,4096,intact,Breast_Mammary_Tissue,0.6713233101504752
fno,4096,intact,Cells_EBV-transformed_lymphocytes,0.7016871768705147
fno,4096,intact,Cells_Transformed_fibroblasts,0.6912929117437994
fno,4096,intact,Cervix_Ectocervix,0.667389923149987
fno,4096,intact,Cervix_Endocervix,0.691707692952343
fno,4096,intact,Colon_Sigmoid,0.6660596318967813
fno,4096,intact,Colon_Transverse,0.657855089081517
fno,4096,intact,Esophagus_Gastroesophageal_Junction,0.668866650477288
fno,4096,intact,Esophagus_Mucosa,0.6452508312278474
fno,4096,intact,Esophagus_Muscularis,0.6723607287699475
fno,4096,intact,Fallopian_Tube,0.6772051885098476
fno,4096,intact,Heart_Atrial_Appendage,0.6235218263118864
fno,4096,intact,Heart_Left_Ventricle,0.6074283393030268
fno,4096,intact,Kidney_Cortex,0.6570503083649492
fno,4096,intact,Liver,0.5865030014392828
fno,4096,intact,Lung,0.6542435062554747
fno,4096,intact,Minor_Salivary_Gland,0.6688562076972705
fno,4096,intact,Muscle_Skeletal,0.5935931098014242
fno,4096,intact,Nerve_Tibial,0.6708522794548091
fno,4096,intact,Ovary,0.6822225262290479
fno,4096,intact,Pancreas,0.6580468181803977
fno,4096,intact,Pituitary,0.7077879105184387
fno,4096,intact,Prostate,0.6803218165744264
fno,4096,intact,Skin_Not_Sun_Exposed_Suprapubic,0.6430493741741606
fno,4096,intact,Skin_Sun_Exposed_Lower_leg,0.6466385192624681
fno,4096,intact,Small_Intestine_Terminal_Ileum,0.6320353245140015
fno,4096,intact,Spleen,0.6510719929808348
fno,4096,intact,Stomach,0.6719100864603008
fno,4096,intact,Testis,0.6405529820866361
fno,4096,intact,Thyroid,0.6684461151250978
fno,4096,intact,Uterus,0.6896614404522449
fno,4096,intact,Vagina,0.66481525490627
fno,4096,intact,Whole_Blood,0.49574368117021334
fno,4096,intact,cardiac ventricle fibroblast,0.6933113974528536
fno,4096,intact,hair follicular keratinocyte,0.7427152703901663
fno,4096,intact,airway epithelial cell,0.7421500068409536
fno,4096,intact,epithelial cell of proximal tubule,0.7739408342440588
fno,4096,intact,pericardium fibroblast,0.7026179773220611
fno,4096,intact,mesangial cell,0.7558746142783873
fno,4096,intact,bronchial fibroblast,0.7493362076402974
fno,4096,intact,glomerular endothelial cell,0.7192355602093513
fno,4096,intact,kidney epithelial cell,0.7856440897459797
fno,4096,intact,mammary microvascular endothelial cell,0.7263265795016799
fno,4096,intact,epithelial cell of alveolus of lung,0.7247615251683532
fno,4096,intact,myometrial cell,0.7154348218105481
fno,4096,intact,cardiac atrium fibroblast,0.7189713547051787
fno,4096,intact,endometrial microvascular endothelial cell,0.7346805802416368
fno,4096,intact,smooth muscle cell,0.7417366340972696
fno,4096,intact,hepatocyte,0.7475119942980023
fno,4096,intact,neural progenitor cell,0.7826231674207232
fno,4096,intact,HT1080,0.7565664883668055
fno,4096,intact,SK-N-DZ,0.7678734892454679
fno,4096,intact,SK-MEL-5,0.7504981843384805
fno,4096,intact,NCI-H460,0.7606026811018282
fno,4096,intact,astrocyte,0.7223876878345065
fno,4096,intact,LHCN-M2,0.7560968625449487
fno,4096,intact,K562,0.7148379218752446
fno,4096,intact,HepG2,0.7416283601637418
fno,4096,intact,MCF-7,0.7561809686076613
fno,4096,intact,bipolar spindle neuron,0.7387752782392093
fno,4096,intact,skeletal muscle myoblast,0.7226035011491074
fno,4096,intact,myotube,0.7066462917102769
fno,4096,intact,H7-hESC,0.754821071402579
fno,4096,intact,RPMI-7951,0.7321158923026125
fno,4096,intact,M059J,0.7361886025468047
fno,4096,intact,H4,0.7339833939966874
fno,4096,intact,MG63,0.7558644469908812
fno,4096,intact,G401,0.7410339336428159
fno,4096,intact,Caki2,0.7502279583587882
fno,4096,intact,SJSA1,0.7615213905544808
fno,4096,intact,Daoy,0.7676651019395061
fno,4096,intact,A172,0.7538764787478786
fno,4096,intact,induced pluripotent stem cell,0.7707216390987858
fno,4096,intact,fibroblast of arm,0.7062379070322002
fno,4096,intact,A375,0.7536628391700383
fno,4096,intact,HT-29,0.6927781325189871
fno,4096,intact,PC-3,0.7429504175909617
fno,4096,intact,Karpas-422,0.7115802166162487
fno,4096,intact,Oci-Ly-7,0.7337152816976618
fno,4096,intact,SJCRH30,0.7440765541449631
fno,4096,intact,neural cell,0.7297667797097339
fno,4096,intact,umbilical cord,0.7128055058969925
fno,4096,intact,pericyte cell,0.7341273166212078
fno,4096,intact,melanocyte of skin,0.7422668907924618
fno,4096,intact,placental epithelial cell,0.7221073588666332
fno,4096,intact,hair follicle dermal papilla cell,0.7055173572406517
fno,4096,intact,hematopoietic multipotent progenitor cell,0.702681305348789
fno,4096,intact,vein endothelial cell,0.7158726740266186
fno,4096,intact,osteoblast,0.7131062869006924
fno,4096,intact,articular chondrocyte of knee joint,0.7222374796493316
fno,4096,intact,thoracic aorta endothelial cell,0.7477748568671991
fno,4096,intact,fibroblast of the aortic adventitia,0.7334325929825952
fno,4096,intact,skeletal muscle satellite cell,0.7300903832195248
fno,4096,intact,fibroblast of dermis,0.7227342675457891
fno,4096,intact,mammary epithelial cell,0.7497381059868885
fno,4096,intact,subcutaneous preadipocyte,0.7335423803710713
fno,4096,intact,fibroblast of villous mesenchyme,0.7254319472022885
fno,4096,intact,endothelial cell of umbilical vein,0.7198796983808817
fno,4096,intact,fibroblast of lung,0.7156705532278217
fno,4096,intact,keratinocyte,0.7188958175304904
fno,4096,intact,stomach,0.7461814742130367
fno,4096,intact,dermis microvascular lymphatic vessel endothelial cell,0.7103967909039746
fno,4096,intact,tongue,0.7234870992771016
fno,4096,intact,lung microvascular endothelial cell,0.6928273562937063
fno,4096,intact,liver,0.7030744195387916
fno,4096,intact,smooth muscle cell of the coronary artery,0.6999539976503887
fno,4096,intact,aortic smooth muscle cell,0.690119598038006
fno,4096,intact,cerebellum,0.7369900567222882
fno,4096,intact,occipital lobe,0.7393060672502543
fno,4096,intact,lung,0.7535804446187662
fno,4096,intact,metanephros,0.7551419842900451
fno,4096,intact,bronchial smooth muscle cell,0.6962311238744262
fno,4096,intact,spinal cord,0.73837565486266
fno,4096,intact,parietal lobe,0.7282014861374259
fno,4096,intact,diencephalon,0.7322194424889069
fno,4096,intact,bronchial epithelial cell,0.7299185566753151
fno,4096,intact,human nasal epithelial cells,0.7285393449776598
fno,4096,intact,pulmonary artery endothelial cell,0.7325535660751937
fno,4096,intact,regular cardiac myocyte,0.7238283757735128
fno,4096,intact,endothelial cell of coronary artery,0.7218340262125699
fno,4096,intact,skeletal muscle tissue,0.6844102493024465
fno,4096,intact,skin of body,0.7310425422206205
fno,4096,intact,frontal cortex,0.7126124585227377
fno,4096,intact,camera-type eye,0.7653351454363436
fno,4096,intact,dermis lymphatic vessel endothelial cell,0.6969915940931243
fno,4096,intact,smooth muscle cell of the umbilical artery,0.71883863223308
fno,4096,intact,tracheal epithelial cell,0.7415163665203437
fno,4096,intact,smooth muscle cell of trachea,0.7325775435056457
fno,4096,intact,renal cortical epithelial cell,0.7704107674553687
fno,4096,intact,dermis blood vessel endothelial cell,0.7245162532881211
fno,4096,intact,heart,0.7224131555655853
fno,4096,intact,thyroid gland,0.6879206808870104
fno,4096,intact,urinary bladder,0.7303052398937381
fno,4096,intact,temporal lobe,0.7035466347012193
fno,4096,intact,uterine smooth muscle cell,0.7452273582613151
fno,4096,intact,epithelial cell of umbilical artery,0.7261119660746568
fno,4096,intact,smooth muscle cell of the pulmonary artery,0.6977529661501918
fno,4096,intact,smooth muscle cell of bladder,0.6975448247993655
fno,4096,intact,bladder microvascular endothelial cell,0.7202309764258586
fno,4096,intact,uterus,0.7753474106777333
fno,4096,intact,GM12878,0.7327971616373259
fno,4096,intact,Universal_Human_Reference,0.7613808445510516
fno,4096,intact,H1_Cell_Line,0.7149177762365383
fno,4096,intact,H1_BMP4_Derived_Mesendoderm_Cultured_Cells,0.7245817958045047
fno,4096,intact,H1_BMP4_Derived_Trophoblast_Cultured_Cells,0.7010583964402062
fno,4096,intact,H1_Derived_Mesenchymal_Stem_Cells,0.6640996436248696
fno,4096,intact,H1_Derived_Neuronal_Progenitor_Cultured_Cells,0.766268258617802
fno,4096,intact,hESC_Derived_CD184+_Endoderm_Cultured_Cells,0.7571226168602835
fno,4096,intact,hESC_Derived_CD56+_Ectoderm_Cultured_Cells,0.7733787324599115
fno,4096,intact,hESC_Derived_CD56+_Mesoderm_Cultured_Cells,0.7379172236224596
fno,4096,intact,HUES64_Cell_Line,0.7458203262442787
fno,4096,intact,4star,0.7229893199382987
fno,4096,intact,Breast_Myoepithelial_Cells,0.6962631754406559
fno,4096,intact,Breast_vHMEC,0.724683656811366
fno,4096,intact,CD4_Memory_Primary_Cells,0.6667471493208669
fno,4096,intact,CD4_Naive_Primary_Cells,0.6409995898539942
fno,4096,intact,CD8_Naive_Primary_Cells,0.6439768766501287
fno,4096,intact,Mobilized_CD34_Primary_Cells_Female,0.7425615708342357
fno,4096,intact,Neurosphere_Cultured_Cells_Cortex_Derived,0.7125809369383305
fno,4096,intact,Neurosphere_Cultured_Cells_Ganglionic_Eminence_Derived,0.7229295991076264
fno,4096,intact,Penis_Foreskin_Fibroblast_Primary_Cells_skin01,0.7135726146189908
fno,4096,intact,Penis_Foreskin_Fibroblast_Primary_Cells_skin02,0.6686004074338813
fno,4096,intact,Penis_Foreskin_Keratinocyte_Primary_Cells_skin02,0.6650288487555377
fno,4096,intact,Penis_Foreskin_Keratinocyte_Primary_Cells_skin03,0.72159331373059
fno,4096,intact,Penis_Foreskin_Melanocyte_Primary_Cells_skin01,0.6364330456250983
fno,4096,intact,Penis_Foreskin_Melanocyte_Primary_Cells_skin03,0.6909679756953979
fno,4096,intact,Peripheral_Blood_Mononuclear_Primary_Cells,0.6328404225526486
fno,4096,intact,Aorta,0.6407799972651644
fno,4096,intact,Adult_Liver,0.5978772298776159
fno,4096,intact,Brain_Germinal_Matrix,0.7073669289920753
fno,4096,intact,Brain_Hippocampus_Middle,0.6786929450701361
fno,4096,intact,Esophagus,0.6626710798069329
fno,4096,intact,Fetal_Brain_Female,0.664299206070642
fno,4096,intact,Fetal_Intestine_Large,0.7040364158792344
fno,4096,intact,Fetal_Intestine_Small,0.6978740252379136
fno,4096,intact,Pancreatic_Islets,0.6974660804789835
fno,4096,intact,Gastric,0.7022390303087711
fno,4096,intact,Left_Ventricle,0.6686663924715169
fno,4096,intact,Lung.1,0.686772363026653
fno,4096,intact,Ovary.1,0.7060287937704333
fno,4096,intact,Pancreas.1,0.6822728312939317
fno,4096,intact,Psoas_Muscle,0.6552561510978342
fno,4096,intact,Right_Atrium,0.6582295541151494
fno,4096,intact,Right_Ventricle,0.6612844313106486
fno,4096,intact,Sigmoid_Colon,0.6763780447731657
fno,4096,intact,Small_Intestine,0.6583847945676794
fno,4096,intact,Thymus,0.7151822067362894
fno,4096,intact,Spleen.1,0.6766394020008932
fno,4096,intact,A549,0.7400966966828366
fno,4096,intact,GM12878.1,0.6993610756563621
fno,4096,intact,HELA,0.719501687283037
fno,4096,intact,HEPG2,0.6896479825496505
fno,4096,intact,HMEC,0.7157553421277383
fno,4096,intact,HSMM,0.6989370525323583
fno,4096,intact,HUVEC,0.6811011890897802
fno,4096,intact,K562.1,0.7089018833197153
fno,4096,intact,NHEK,0.7116122253085936
fno,4096,intact,NHLF,0.6920542876693245
attention,4096,intact,Adipose_Subcutaneous,0.6667021468507208
attention,4096,intact,Adipose_Visceral_Omentum,0.6569510629722256
attention,4096,intact,Adrenal_Gland,0.6545748370436709
attention,4096,intact,Artery_Aorta,0.6587672169555282
attention,4096,intact,Artery_Coronary,0.6532988567681405
attention,4096,intact,Artery_Tibial,0.6671623729232583
attention,4096,intact,Bladder,0.7024866537954395
attention,4096,intact,Brain_Amygdala,0.6472401129524153
attention,4096,intact,Brain_Anterior_cingulate_cortex_BA24,0.6535669315235687
attention,4096,intact,Brain_Caudate_basal_ganglia,0.6594952947481536
attention,4096,intact,Brain_Cerebellar_Hemisphere,0.6636447457284601
attention,4096,intact,Brain_Cerebellum,0.6663112694972476
attention,4096,intact,Brain_Cortex,0.6513064203059566
attention,4096,intact,Brain_Frontal_Cortex_BA9,0.6507550517053747
attention,4096,intact,Brain_Hippocampus,0.6501036078743426
attention,4096,intact,Brain_Hypothalamus,0.668112182367909
attention,4096,intact,Brain_Nucleus_accumbens_basal_ganglia,0.6668912727699152
attention,4096,intact,Brain_Putamen_basal_ganglia,0.643905233745337
attention,4096,intact,Brain_Spinal_cord_cervical_c1,0.6584266040993915
attention,4096,intact,Brain_Substantia_nigra,0.6499102451319749
attention,4096,intact,Breast_Mammary_Tissue,0.6888603022035197
attention,4096,intact,Cells_EBV-transformed_lymphocytes,0.7239776584671219
attention,4096,intact,Cells_Transformed_fibroblasts,0.7002876556525858
attention,4096,intact,Cervix_Ectocervix,0.6842191650539119
attention,4096,intact,Cervix_Endocervix,0.711588978533188
attention,4096,intact,Colon_Sigmoid,0.683722230555543
attention,4096,intact,Colon_Transverse,0.6767854068512819
attention,4096,intact,Esophagus_Gastroesophageal_Junction,0.6922949008301803
attention,4096,intact,Esophagus_Mucosa,0.6528305085788385
attention,4096,intact,Esophagus_Muscularis,0.6930756265581287
attention,4096,intact,Fallopian_Tube,0.6952457434394486
attention,4096,intact,Heart_Atrial_Appendage,0.6406933986533965
attention,4096,intact,Heart_Left_Ventricle,0.622629814264693
attention,4096,intact,Kidney_Cortex,0.6784915283135863
attention,4096,intact,Liver,0.5967236714575583
attention,4096,intact,Lung,0.6746256010299678
attention,4096,intact,Minor_Salivary_Gland,0.6816582980056433
attention,4096,intact,Muscle_Skeletal,0.6120487108438463
attention,4096,intact,Nerve_Tibial,0.6869270604575961
attention,4096,intact,Ovary,0.6983149645646
attention,4096,intact,Pancreas,0.6717165323603785
attention,4096,intact,Pituitary,0.7213557253243573
attention,4096,intact,Prostate,0.697719812662069
attention,4096,intact,Skin_Not_Sun_Exposed_Suprapubic,0.6640321027885684
attention,4096,intact,Skin_Sun_Exposed_Lower_leg,0.6549938975300482
attention,4096,intact,Small_Intestine_Terminal_Ileum,0.649543037123573
attention,4096,intact,Spleen,0.6724249333872859
attention,4096,intact,Stomach,0.6830224982836688
attention,4096,intact,Testis,0.6639183265417098
attention,4096,intact,Thyroid,0.684492725086896
attention,4096,intact,Uterus,0.7072296475781333
attention,4096,intact,Vagina,0.6789646731468034
attention,4096,intact,Whole_Blood,0.5305691012734742
attention,4096,intact,cardiac ventricle fibroblast,0.7087025613577346
attention,4096,intact,hair follicular keratinocyte,0.7573042352831818
attention,4096,intact,airway epithelial cell,0.7593458445232745
attention,4096,intact,epithelial cell of proximal tubule,0.7883041984982325
attention,4096,intact,pericardium fibroblast,0.7131868693783056
attention,4096,intact,mesangial cell,0.7700297678458029
attention,4096,intact,bronchial fibroblast,0.7555258729285064
attention,4096,intact,glomerular endothelial cell,0.7415617214978756
attention,4096,intact,kidney epithelial cell,0.8013653599380621
attention,4096,intact,mammary microvascular endothelial cell,0.7465788978252853
attention,4096,intact,epithelial cell of alveolus of lung,0.7366972937589829
attention,4096,intact,myometrial cell,0.7288076786618992
attention,4096,intact,cardiac atrium fibroblast,0.7346886686272697
attention,4096,intact,endometrial microvascular endothelial cell,0.7494981469450018
attention,4096,intact,smooth muscle cell,0.7514338679321134
attention,4096,intact,hepatocyte,0.7584982637748626
attention,4096,intact,neural progenitor cell,0.7986703102896797
attention,4096,intact,HT1080,0.7722868584871753
attention,4096,intact,SK-N-DZ,0.7787384101403841
attention,4096,intact,SK-MEL-5,0.7682719124019998
attention,4096,intact,NCI-H460,0.769858657389376
attention,4096,intact,astrocyte,0.7411216693117577
attention,4096,intact,LHCN-M2,0.765025512160264
attention,4096,intact,K562,0.7396164899153246
attention,4096,intact,HepG2,0.7662895210843361
attention,4096,intact,MCF-7,0.7724882521401962
attention,4096,intact,bipolar spindle neuron,0.749008811785634
attention,4096,intact,skeletal muscle myoblast,0.7383238460360485
attention,4096,intact,myotube,0.7254288877939047
attention,4096,intact,H7-hESC,0.7725205225316351
attention,4096,intact,RPMI-7951,0.7416351630982305
attention,4096,intact,M059J,0.7515354541950536
attention,4096,intact,H4,0.7448731696484471
attention,4096,intact,MG63,0.766479039579945
attention,4096,intact,G401,0.7580104401340516
attention,4096,intact,Caki2,0.7596388587426756
attention,4096,intact,SJSA1,0.7812857823295164
attention,4096,intact,Daoy,0.7763264519222992
attention,4096,intact,A172,0.7667400580834235
attention,4096,intact,induced pluripotent stem cell,0.7881059120299669
attention,4096,intact,fibroblast of arm,0.7230226602996522
attention,4096,intact,A375,0.7673989677819609
attention,4096,intact,HT-29,0.709046814798359
attention,4096,intact,PC-3,0.7581012633456811
attention,4096,intact,Karpas-422,0.7267406812015346
attention,4096,intact,Oci-Ly-7,0.7463552805470748
attention,4096,intact,SJCRH30,0.7635871405288057
attention,4096,intact,neural cell,0.7355691958392466
attention,4096,intact,umbilical cord,0.7261339840853714
attention,4096,intact,pericyte cell,0.7464304779037872
attention,4096,intact,melanocyte of skin,0.7581410036253429
attention,4096,intact,placental epithelial cell,0.7347067966456021
attention,4096,intact,hair follicle dermal papilla cell,0.7103278572372291
attention,4096,intact,hematopoietic multipotent progenitor cell,0.7186175910398217
attention,4096,intact,vein endothelial cell,0.7439432218678768
attention,4096,intact,osteoblast,0.7231376600571325
attention,4096,intact,articular chondrocyte of knee joint,0.7343487699514354
attention,4096,intact,thoracic aorta endothelial cell,0.7643204374983483
attention,4096,intact,fibroblast of the aortic adventitia,0.7437583218028454
attention,4096,intact,skeletal muscle satellite cell,0.7456313865822266
attention,4096,intact,fibroblast of dermis,0.7383805992958314
attention,4096,intact,mammary epithelial cell,0.7614089423063334
attention,4096,intact,subcutaneous preadipocyte,0.7464530793496714
attention,4096,intact,fibroblast of villous mesenchyme,0.7387102241671295
attention,4096,intact,endothelial cell of umbilical vein,0.7354451638447616
attention,4096,intact,fibroblast of lung,0.7274952947110868
attention,4096,intact,keratinocyte,0.7405783617199028
attention,4096,intact,stomach,0.7572957641508697
attention,4096,intact,dermis microvascular lymphatic vessel endothelial cell,0.7221746865081135
attention,4096,intact,tongue,0.7393325332371122
attention,4096,intact,lung microvascular endothelial cell,0.7059619506174014
attention,4096,intact,liver,0.7179563358980469
attention,4096,intact,smooth muscle cell of the coronary artery,0.7156055386480489
attention,4096,intact,aortic smooth muscle cell,0.7074297398631962
attention,4096,intact,cerebellum,0.7458441529878451
attention,4096,intact,occipital lobe,0.7403699433697374
attention,4096,intact,lung,0.7679882254058619
attention,4096,intact,metanephros,0.7680119043889301
attention,4096,intact,bronchial smooth muscle cell,0.7096000093319969
attention,4096,intact,spinal cord,0.7426726126559556
attention,4096,intact,parietal lobe,0.7302839728729463
attention,4096,intact,diencephalon,0.7371114046257006
attention,4096,intact,bronchial epithelial cell,0.7482304224234727
attention,4096,intact,human nasal epithelial cells,0.7546827109807603
attention,4096,intact,pulmonary artery endothelial cell,0.7472182437513183
attention,4096,intact,regular cardiac myocyte,0.7374798965109788
attention,4096,intact,endothelial cell of coronary artery,0.736515790738931
attention,4096,intact,skeletal muscle tissue,0.6977812808726647
attention,4096,intact,skin of body,0.744087890222004
attention,4096,intact,frontal cortex,0.7161112505316009
attention,4096,intact,camera-type eye,0.7820559154802504
attention,4096,intact,dermis lymphatic vessel endothelial cell,0.7235524245554474
attention,4096,intact,smooth muscle cell of the umbilical artery,0.7311230251185054
attention,4096,intact,tracheal epithelial cell,0.7564773633385201
attention,4096,intact,smooth muscle cell of trachea,0.7433310280460543
attention,4096,intact,renal cortical epithelial cell,0.7840933307027683
attention,4096,intact,dermis blood vessel endothelial cell,0.7422112314441683
attention,4096,intact,heart,0.7303005710021718
attention,4096,intact,thyroid gland,0.7005254913475988
attention,4096,intact,urinary bladder,0.741138769607547
attention,4096,intact,temporal lobe,0.7133624452497601
attention,4096,intact,uterine smooth muscle cell,0.7585144319666598
attention,4096,intact,epithelial cell of umbilical artery,0.7480243922639037
attention,4096,intact,smooth muscle cell of the pulmonary artery,0.7059706173216883
attention,4096,intact,smooth muscle cell of bladder,0.7071338917722124
attention,4096,intact,bladder microvascular endothelial cell,0.7346654103523435
attention,4096,intact,uterus,0.7853639295122176
attention,4096,intact,GM12878,0.7449583155316087
attention,4096,intact,Universal_Human_Reference,0.7830329251155485
attention,4096,intact,H1_Cell_Line,0.7327731936144155
attention,4096,intact,H1_BMP4_Derived_Mesendoderm_Cultured_Cells,0.7394881875440319
attention,4096,intact,H1_BMP4_Derived_Trophoblast_Cultured_Cells,0.7283562209215942
attention,4096,intact,H1_Derived_Mesenchymal_Stem_Cells,0.6753799951909807
attention,4096,intact,H1_Derived_Neuronal_Progenitor_Cultured_Cells,0.7810862755823084
attention,4096,intact,hESC_Derived_CD184+_Endoderm_Cultured_Cells,0.7727421794359679
attention,4096,intact,hESC_Derived_CD56+_Ectoderm_Cultured_Cells,0.7895610910930309
attention,4096,intact,hESC_Derived_CD56+_Mesoderm_Cultured_Cells,0.7552271268682483
attention,4096,intact,HUES64_Cell_Line,0.7640826844777845
attention,4096,intact,4star,0.7418650500663361
attention,4096,intact,Breast_Myoepithelial_Cells,0.7086747191882941
attention,4096,intact,Breast_vHMEC,0.7396192606193864
attention,4096,intact,CD4_Memory_Primary_Cells,0.6884315972732735
attention,4096,intact,CD4_Naive_Primary_Cells,0.6584568998143775
attention,4096,intact,CD8_Naive_Primary_Cells,0.6690907067303365
attention,4096,intact,Mobilized_CD34_Primary_Cells_Female,0.7548101226016936
attention,4096,intact,Neurosphere_Cultured_Cells_Cortex_Derived,0.731757585752567
attention,4096,intact,Neurosphere_Cultured_Cells_Ganglionic_Eminence_Derived,0.7459576320462858
attention,4096,intact,Penis_Foreskin_Fibroblast_Primary_Cells_skin01,0.731757205741631
attention,4096,intact,Penis_Foreskin_Fibroblast_Primary_Cells_skin02,0.6876088472291636
attention,4096,intact,Penis_Foreskin_Keratinocyte_Primary_Cells_skin02,0.6870737087116465
attention,4096,intact,Penis_Foreskin_Keratinocyte_Primary_Cells_skin03,0.7395601523946572
attention,4096,intact,Penis_Foreskin_Melanocyte_Primary_Cells_skin01,0.6631192070076696
attention,4096,intact,Penis_Foreskin_Melanocyte_Primary_Cells_skin03,0.7137942029821968
attention,4096,intact,Peripheral_Blood_Mononuclear_Primary_Cells,0.6562262114138923
attention,4096,intact,Aorta,0.6549409412290098
attention,4096,intact,Adult_Liver,0.6117900084014832
attention,4096,intact,Brain_Germinal_Matrix,0.7187709460048196
attention,4096,intact,Brain_Hippocampus_Middle,0.6875746466702237
attention,4096,intact,Esophagus,0.671543442118168
attention,4096,intact,Fetal_Brain_Female,0.6714976944837598
attention,4096,intact,Fetal_Intestine_Large,0.7220859675052794
attention,4096,intact,Fetal_Intestine_Small,0.7147748553785479
attention,4096,intact,Pancreatic_Islets,0.7115430627220708
attention,4096,intact,Gastric,0.7143195697333343
attention,4096,intact,Left_Ventricle,0.6837271394792713
attention,4096,intact,Lung.1,0.7032872345804538
attention,4096,intact,Ovary.1,0.7205933915046524
attention,4096,intact,Pancreas.1,0.7045053344599096
attention,4096,intact,Psoas_Muscle,0.6749219439300812
attention,4096,intact,Right_Atrium,0.673634446588184
attention,4096,intact,Right_Ventricle,0.6819380026702474
attention,4096,intact,Sigmoid_Colon,0.6990893975849688
attention,4096,intact,Small_Intestine,0.6767808979239837
attention,4096,intact,Thymus,0.7317243341235575
attention,4096,intact,Spleen.1,0.7004919507271956
attention,4096,intact,A549,0.7563152898669637
attention,4096,intact,GM12878.1,0.7107056396692761
attention,4096,intact,HELA,0.7316996524127646
attention,4096,intact,HEPG2,0.7108876104318731
attention,4096,intact,HMEC,0.7287365274964915
attention,4096,intact,HSMM,0.7254542966473364
attention,4096,intact,HUVEC,0.7013177281847462
attention,4096,intact,K562.1,0.7290363990849081
attention,4096,intact,NHEK,0.724229832549752
attention,4096,intact,NHLF,0.7047233968099852
cnn,16384,intact,Adipose_Subcutaneous,0.6699097534579795
cnn,16384,intact,Adipose_Visceral_Omentum,0.6608817827940164
cnn,16384,intact,Adrenal_Gland,0.6682507499772686
cnn,16384,intact,Artery_Aorta,0.662460842329867
cnn,16384,intact,Artery_Coronary,0.6648335832672431
cnn,16384,intact,Artery_Tibial,0.6689869921032784
cnn,16384,intact,Bladder,0.716360890710155
cnn,16384,intact,Brain_Amygdala,0.6565023367342341
cnn,16384,intact,Brain_Anterior_cingulate_cortex_BA24,0.6592042200829987
cnn,16384,intact,Brain_Caudate_basal_ganglia,0.665179972330577
cnn,16384,intact,Brain_Cerebellar_Hemisphere,0.6697604637386751
cnn,16384,intact,Brain_Cerebellum,0.6775438952343066
cnn,16384,intact,Brain_Cortex,0.6604673139001532
cnn,16384,intact,Brain_Frontal_Cortex_BA9,0.6567028258867497
cnn,16384,intact,Brain_Hippocampus,0.6552262972667241
cnn,16384,intact,Brain_Hypothalamus,0.6672880678326397
cnn,16384,intact,Brain_Nucleus_accumbens_basal_ganglia,0.6652447327516202
cnn,16384,intact,Brain_Putamen_basal_ganglia,0.6500443761002567
cnn,16384,intact,Brain_Spinal_cord_cervical_c1,0.6599054573973601
cnn,16384,intact,Brain_Substantia_nigra,0.6459116657508429
cnn,16384,intact,Breast_Mammary_Tissue,0.6937418651315559
cnn,16384,intact,Cells_EBV-transformed_lymphocytes,0.7256711607789349
cnn,16384,intact,Cells_Transformed_fibroblasts,0.7029876965639893
cnn,16384,intact,Cervix_Ectocervix,0.6956045818407371
cnn,16384,intact,Cervix_Endocervix,0.7204979675543411
cnn,16384,intact,Colon_Sigmoid,0.692338101831009
cnn,16384,intact,Colon_Transverse,0.6903347035504709
cnn,16384,intact,Esophagus_Gastroesophageal_Junction,0.6971774885979326
cnn,16384,intact,Esophagus_Mucosa,0.674514468851339
cnn,16384,intact,Esophagus_Muscularis,0.6974859156452807
cnn,16384,intact,Fallopian_Tube,0.7062847167833795
cnn,16384,intact,Heart_Atrial_Appendage,0.6483312881313188
cnn,16384,intact,Heart_Left_Ventricle,0.6291012315354801
cnn,16384,intact,Kidney_Cortex,0.6907509785279758
cnn,16384,intact,Liver,0.6033071581026825
cnn,16384,intact,Lung,0.6839442783795433
cnn,16384,intact,Minor_Salivary_Gland,0.6908669161109718
cnn,16384,intact,Muscle_Skeletal,0.617866629276679
cnn,16384,intact,Nerve_Tibial,0.6962510186718159
cnn,16384,intact,Ovary,0.7119421165065366
cnn,16384,intact,Pancreas,0.6816094082247338
cnn,16384,intact,Pituitary,0.7341019579128544
cnn,16384,intact,Prostate,0.7193713354458963
cnn,16384,intact,Skin_Not_Sun_Exposed_Suprapubic,0.6794979311461381
cnn,16384,intact,Skin_Sun_Exposed_Lower_leg,0.6775809680533932
cnn,16384,intact,Small_Intestine_Terminal_Ileum,0.663682458609882
cnn,16384,intact,Spleen,0.6842404777136816
cnn,16384,intact,Stomach,0.7010241437122176
cnn,16384,intact,Testis,0.6625593475680024
cnn,16384,intact,Thyroid,0.6944434066712352
cnn,16384,intact,Uterus,0.716349204637841
cnn,16384,intact,Vagina,0.6946426787604717
cnn,16384,intact,Whole_Blood,0.5461784481690427
cnn,16384,intact,cardiac ventricle fibroblast,0.7132937356422232
cnn,16384,intact,hair follicular keratinocyte,0.766167039978698
cnn,16384,intact,airway epithelial cell,0.7686926172033899
cnn,16384,intact,epithelial cell of proximal tubule,0.7994564449642637
cnn,16384,intact,pericardium fibroblast,0.7191000406115258
cnn,16384,intact,mesangial cell,0.7819370087727496
cnn,16384,intact,bronchial fibroblast,0.7636327238706352
cnn,16384,intact,glomerular endothelial cell,0.7443399241878582
cnn,16384,intact,kidney epithelial cell,0.8042366382822049
cnn,16384,intact,mammary microvascular endothelial cell,0.7481847361380772
cnn,16384,intact,epithelial cell of alveolus of lung,0.7431714742879622
cnn,16384,intact,myometrial cell,0.7319618921322989
cnn,16384,intact,cardiac atrium fibroblast,0.7327759061872644
cnn,16384,intact,endometrial microvascular endothelial cell,0.7551227645278736
cnn,16384,intact,smooth muscle cell,0.7557564150344044
cnn,16384,intact,hepatocyte,0.7662550052135849
cnn,16384,intact,neural progenitor cell,0.8031719659832315
cnn,16384,intact,HT1080,0.7759064438671066
cnn,16384,intact,SK-N-DZ,0.7912744616828035
cnn,16384,intact,SK-MEL-5,0.7742025904323263
cnn,16384,intact,NCI-H460,0.7831076784761789
cnn,16384,intact,astrocyte,0.7473328756403403
cnn,16384,intact,LHCN-M2,0.7734806721309829
cnn,16384,intact,K562,0.7442869004473005
cnn,16384,intact,HepG2,0.7580552319929964
cnn,16384,intact,MCF-7,0.7719038569523708
cnn,16384,intact,bipolar spindle neuron,0.7506439179748435
cnn,16384,intact,skeletal muscle myoblast,0.7376018224986644
cnn,16384,intact,myotube,0.7247650326841611
cnn,16384,intact,H7-hESC,0.7881211777989606
cnn,16384,intact,RPMI-7951,0.7471551754282538
cnn,16384,intact,M059J,0.7545719591006209
cnn,16384,intact,H4,0.7571787925683435
cnn,16384,intact,MG63,0.7697890407605547
cnn,16384,intact,G401,0.7598294725436462
cnn,16384,intact,Caki2,0.7676200308573757
cnn,16384,intact,SJSA1,0.7734808058196752
cnn,16384,intact,Daoy,0.7798256541067051
cnn,16384,intact,A172,0.7743555720312756
cnn,16384,intact,induced pluripotent stem cell,0.8011549493684038
cnn,16384,intact,fibroblast of arm,0.7235075111884887
cnn,16384,intact,A375,0.7780059390284627
cnn,16384,intact,HT-29,0.7323413336159311
cnn,16384,intact,PC-3,0.7675017880817386
cnn,16384,intact,Karpas-422,0.7344081847706044
cnn,16384,intact,Oci-Ly-7,0.7642142824834898
cnn,16384,intact,SJCRH30,0.7651907783675457
cnn,16384,intact,neural cell,0.7392091275990723
cnn,16384,intact,umbilical cord,0.7282383913555862
cnn,16384,intact,pericyte cell,0.7457925136732256
cnn,16384,intact,melanocyte of skin,0.7619286475514692
cnn,16384,intact,placental epithelial cell,0.7478512536066643
cnn,16384,intact,hair follicle dermal papilla cell,0.7207220407609894
cnn,16384,intact,hematopoietic multipotent progenitor cell,0.7314727929689208
cnn,16384,intact,vein endothelial cell,0.7436139519841083
cnn,16384,intact,osteoblast,0.7232206555102536
cnn,16384,intact,articular chondrocyte of knee joint,0.7295595069530542
cnn,16384,intact,thoracic aorta endothelial cell,0.7568044206044294
cnn,16384,intact,fibroblast of the aortic adventitia,0.7452141889945033
cnn,16384,intact,skeletal muscle satellite cell,0.7509998917190516
cnn,16384,intact,fibroblast of dermis,0.7393297859544079
cnn,16384,intact,mammary epithelial cell,0.7728545694523733
cnn,16384,intact,subcutaneous preadipocyte,0.7514871494977475
cnn,16384,intact,fibroblast of villous mesenchyme,0.735394628140002
cnn,16384,intact,endothelial cell of umbilical vein,0.7456393926910067
cnn,16384,intact,fibroblast of lung,0.7253325478798084
cnn,16384,intact,keratinocyte,0.7487563107340556
cnn,16384,intact,stomach,0.7620557877414124
cnn,16384,intact,dermis microvascular lymphatic vessel endothelial cell,0.7261758257480654
cnn,16384,intact,tongue,0.7411875943750612
cnn,16384,intact,lung microvascular endothelial cell,0.7048327660093646
cnn,16384,intact,liver,0.7137841916447282
cnn,16384,intact,smooth muscle cell of the coronary artery,0.7207625194744844
cnn,16384,intact,aortic smooth muscle cell,0.7056540417261014
cnn,16384,intact,cerebellum,0.7493768558554184
cnn,16384,intact,occipital lobe,0.7380257537482994
cnn,16384,intact,lung,0.7703443573000222
cnn,16384,intact,metanephros,0.7818269922138955
cnn,16384,intact,bronchial smooth muscle cell,0.7114501503906722
cnn,16384,intact,spinal cord,0.7447197575365458
cnn,16384,intact,parietal lobe,0.7219712504334986
cnn,16384,intact,diencephalon,0.7367468069898773
cnn,16384,intact,bronchial epithelial cell,0.7480028510993285
cnn,16384,intact,human nasal epithelial cells,0.7555996594685942
cnn,16384,intact,pulmonary artery endothelial cell,0.7421496942874696
cnn,16384,intact,regular cardiac myocyte,0.7328604176791579
cnn,16384,intact,endothelial cell of coronary artery,0.737217476387133
cnn,16384,intact,skeletal muscle tissue,0.70597076620556
cnn,16384,intact,skin of body,0.747216218826778
cnn,16384,intact,frontal cortex,0.7108677593279508
cnn,16384,intact,camera-type eye,0.7826560149262308
cnn,16384,intact,dermis lymphatic vessel endothelial cell,0.7174914432088159
cnn,16384,intact,smooth muscle cell of the umbilical artery,0.7271181367323996
cnn,16384,intact,tracheal epithelial cell,0.7606959674841861
cnn,16384,intact,smooth muscle cell of trachea,0.7462682086568844
cnn,16384,intact,renal cortical epithelial cell,0.7785074565833998
cnn,16384,intact,dermis blood vessel endothelial cell,0.73689668745575
cnn,16384,intact,heart,0.739447533800881
cnn,16384,intact,thyroid gland,0.7122886077051028
cnn,16384,intact,urinary bladder,0.7512189883018644
cnn,16384,intact,temporal lobe,0.7066439874117979
cnn,16384,intact,uterine smooth muscle cell,0.7535902725211135
cnn,16384,intact,epithelial cell of umbilical artery,0.7398680985185734
cnn,16384,intact,smooth muscle cell of the pulmonary artery,0.7124390591674837
cnn,16384,intact,smooth muscle cell of bladder,0.7096196953498192
cnn,16384,intact,bladder microvascular endothelial cell,0.7363710994002709
cnn,16384,intact,uterus,0.7907792338596596
cnn,16384,intact,GM12878,0.743833672381209
cnn,16384,intact,Universal_Human_Reference,0.7868995998749421
cnn,16384,intact,H1_Cell_Line,0.7405339570088426
cnn,16384,intact,H1_BMP4_Derived_Mesendoderm_Cultured_Cells,0.7536880241683268
cnn,16384,intact,H1_BMP4_Derived_Trophoblast_Cultured_Cells,0.7293383144789951
cnn,16384,intact,H1_Derived_Mesenchymal_Stem_Cells,0.6794074192836649
cnn,16384,intact,H1_Derived_Neuronal_Progenitor_Cultured_Cells,0.7832073130495077
cnn,16384,intact,hESC_Derived_CD184+_Endoderm_Cultured_Cells,0.773665241314948
cnn,16384,intact,hESC_Derived_CD56+_Ectoderm_Cultured_Cells,0.7973178539775775
cnn,16384,intact,hESC_Derived_CD56+_Mesoderm_Cultured_Cells,0.7522490235274998
cnn,16384,intact,HUES64_Cell_Line,0.7690759421120155
cnn,16384,intact,4star,0.7516033473610643
cnn,16384,intact,Breast_Myoepithelial_Cells,0.719182749744944
cnn,16384,intact,Breast_vHMEC,0.74200236627391
cnn,16384,intact,CD4_Memory_Primary_Cells,0.6879484868796086
cnn,16384,intact,CD4_Naive_Primary_Cells,0.6665125690070743
cnn,16384,intact,CD8_Naive_Primary_Cells,0.6762306870070646
cnn,16384,intact,Mobilized_CD34_Primary_Cells_Female,0.7519093204616439
cnn,16384,intact,Neurosphere_Cultured_Cells_Cortex_Derived,0.740467442241323
cnn,16384,intact,Neurosphere_Cultured_Cells_Ganglionic_Eminence_Derived,0.7432164652617687
cnn,16384,intact,Penis_Foreskin_Fibroblast_Primary_Cells_skin01,0.7331590440637764
cnn,16384,intact,Penis_Foreskin_Fibroblast_Primary_Cells_skin02,0.7032196405174712
cnn,16384,intact,Penis_Foreskin_Keratinocyte_Primary_Cells_skin02,0.7128051663613583
cnn,16384,intact,Penis_Foreskin_Keratinocyte_Primary_Cells_skin03,0.7427334310482078
cnn,16384,intact,Penis_Foreskin_Melanocyte_Primary_Cells_skin01,0.6840612606200186
cnn,16384,intact,Penis_Foreskin_Melanocyte_Primary_Cells_skin03,0.7180099716392131
cnn,16384,intact,Peripheral_Blood_Mononuclear_Primary_Cells,0.6666886774861044
cnn,16384,intact,Aorta,0.6544254299863044
cnn,16384,intact,Adult_Liver,0.6014942455600761
cnn,16384,intact,Brain_Germinal_Matrix,0.727062087927715
cnn,16384,intact,Brain_Hippocampus_Middle,0.6872501301244006
cnn,16384,intact,Esophagus,0.6940576905386755
cnn,16384,intact,Fetal_Brain_Female,0.6772643719299558
cnn,16384,intact,Fetal_Intestine_Large,0.72605738647644
cnn,16384,intact,Fetal_Intestine_Small,0.7159404863763786
cnn,16384,intact,Pancreatic_Islets,0.7173371557815461
cnn,16384,intact,Gastric,0.7208011418990927
cnn,16384,intact,Left_Ventricle,0.6887044059574846
cnn,16384,intact,Lung.1,0.7172920097622568
cnn,16384,intact,Ovary.1,0.7256165221106389
cnn,16384,intact,Pancreas.1,0.7274160170302301
cnn,16384,intact,Psoas_Muscle,0.6722755616749003
cnn,16384,intact,Right_Atrium,0.6732482823998915
cnn,16384,intact,Right_Ventricle,0.6838524360877479
cnn,16384,intact,Sigmoid_Colon,0.70581203891212
cnn,16384,intact,Small_Intestine,0.6855357888804855
cnn,16384,intact,Thymus,0.7414662113344876
cnn,16384,intact,Spleen.1,0.7072868238603497
cnn,16384,intact,A549,0.7521386422114889
cnn,16384,intact,GM12878.1,0.7053997939961199
cnn,16384,intact,HELA,0.7253834091634351
cnn,16384,intact,HEPG2,0.712649491547854
cnn,16384,intact,HMEC,0.7388621415321666
cnn,16384,intact,HSMM,0.718306467027153
cnn,16384,intact,HUVEC,0.7098078134771165
cnn,16384,intact,K562.1,0.7251086470065023
cnn,16384,intact,NHEK,0.7281613322859912
cnn,16384,intact,NHLF,0.7003528597247333
fno,16384,intact,Adipose_Subcutaneous,0.6608173863377304
fno,16384,intact,Adipose_Visceral_Omentum,0.6434352175586797
fno,16384,intact,Adrenal_Gland,0.6585067027932773
fno,16384,intact,Artery_Aorta,0.6473559631135819
fno,16384,intact,Artery_Coronary,0.6493180736285501
fno,16384,intact,Artery_Tibial,0.6581616325979708
fno,16384,intact,Bladder,0.7002310148026201
fno,16384,intact,Brain_Amygdala,0.6475258385880241
fno,16384,intact,Brain_Anterior_cingulate_cortex_BA24,0.6446453034858525
fno,16384,intact,Brain_Caudate_basal_ganglia,0.6572386942884142
fno,16384,intact,Brain_Cerebellar_Hemisphere,0.6575356925012629
fno,16384,intact,Brain_Cerebellum,0.6596084360354427
fno,16384,intact,Brain_Cortex,0.6482288638714843
fno,16384,intact,Brain_Frontal_Cortex_BA9,0.6441663829738976
fno,16384,intact,Brain_Hippocampus,0.637402633660033
fno,16384,intact,Brain_Hypothalamus,0.6588656105809455
fno,16384,intact,Brain_Nucleus_accumbens_basal_ganglia,0.6577919539173015
fno,16384,intact,Brain_Putamen_basal_ganglia,0.6387855501206136
fno,16384,intact,Brain_Spinal_cord_cervical_c1,0.6505809867772933
fno,16384,intact,Brain_Substantia_nigra,0.6419796114145898
fno,16384,intact,Breast_Mammary_Tissue,0.680730900752165
fno,16384,intact,Cells_EBV-transformed_lymphocytes,0.7160391895924515
fno,16384,intact,Cells_Transformed_fibroblasts,0.6953526055666521
fno,16384,intact,Cervix_Ectocervix,0.6793055947942276
fno,16384,intact,Cervix_Endocervix,0.7037738604626407
fno,16384,intact,Colon_Sigmoid,0.6761035572090596
fno,16384,intact,Colon_Transverse,0.6716128141817387
fno,16384,intact,Esophagus_Gastroesophageal_Junction,0.6805131044011974
fno,16384,intact,Esophagus_Mucosa,0.6596985233422717
fno,16384,intact,Esophagus_Muscularis,0.682727385596634
fno,16384,intact,Fallopian_Tube,0.6897511218639756
fno,16384,intact,Heart_Atrial_Appendage,0.6333686538893001
fno,16384,intact,Heart_Left_Ventricle,0.6176971069271855
fno,16384,intact,Kidney_Cortex,0.6729522402392001
fno,16384,intact,Liver,0.5816194949313293
fno,16384,intact,Lung,0.6653883127254924
fno,16384,intact,Minor_Salivary_Gland,0.6773145397517316
fno,16384,intact,Muscle_Skeletal,0.6047051643180571
fno,16384,intact,Nerve_Tibial,0.680785845591109
fno,16384,intact,Ovary,0.6975117746972158
fno,16384,intact,Pancreas,0.6662404557280751
fno,16384,intact,Pituitary,0.7179636870781315
fno,16384,intact,Prostate,0.7013188961240235
fno,16384,intact,Skin_Not_Sun_Exposed_Suprapubic,0.6603136454837362
fno,16384,intact,Skin_Sun_Exposed_Lower_leg,0.6588064138119973
fno,16384,intact,Small_Intestine_Terminal_Ileum,0.6481855633289504
fno,16384,intact,Spleen,0.6638286988982248
fno,16384,intact,Stomach,0.6835424534228797
fno,16384,intact,Testis,0.6526515787761314
fno,16384,intact,Thyroid,0.6784147618465881
fno,16384,intact,Uterus,0.7013462796929661
fno,16384,intact,Vagina,0.6798368398620095
fno,16384,intact,Whole_Blood,0.5217192469900144
fno,16384,intact,cardiac ventricle fibroblast,0.7082965757509423
fno,16384,intact,hair follicular keratinocyte,0.7651959247532317
fno,16384,intact,airway epithelial cell,0.764396953048449
fno,16384,intact,epithelial cell of proximal tubule,0.7919829720985144
fno,16384,intact,pericardium fibroblast,0.7117388870350622
fno,16384,intact,mesangial cell,0.768443211558968
fno,16384,intact,bronchial fibroblast,0.7548058316824967
fno,16384,intact,glomerular endothelial cell,0.7387129348935257
fno,16384,intact,kidney epithelial cell,0.7989366142720096
fno,16384,intact,mammary microvascular endothelial cell,0.7439603762780118
fno,16384,intact,epithelial cell of alveolus of lung,0.7355019950828741
fno,16384,intact,myometrial cell,0.7272111885551967
fno,16384,intact,cardiac atrium fibroblast,0.7265576846228693
fno,16384,intact,endometrial microvascular endothelial cell,0.7507136511326676
fno,16384,intact,smooth muscle cell,0.7502395326441308
fno,16384,intact,hepatocyte,0.760484161555516
fno,16384,intact,neural progenitor cell,0.8045003946928864
fno,16384,intact,HT1080,0.7716467827201701
fno,16384,intact,SK-N-DZ,0.7807488544921548
fno,16384,intact,SK-MEL-5,0.7651146240282453
fno,16384,intact,NCI-H460,0.7757300607234704
fno,16384,intact,astrocyte,0.7404088040698759
fno,16384,intact,LHCN-M2,0.7696624524223147
fno,16384,intact,K562,0.7362490140913979
fno,16384,intact,HepG2,0.7608347835785426
fno,16384,intact,MCF-7,0.7704984233708072
fno,16384,intact,bipolar spindle neuron,0.7487618262338986
fno,16384,intact,skeletal muscle myoblast,0.7370755832192547
fno,16384,intact,myotube,0.7222129199224314
fno,16384,intact,H7-hESC,0.7763946341342537
fno,16384,intact,RPMI-7951,0.7488449759240255
fno,16384,intact,M059J,0.7517717480982141
fno,16384,intact,H4,0.7508393323287733
fno,16384,intact,MG63,0.7667274753645837
fno,16384,intact,G401,0.7506145396586476
fno,16384,intact,Caki2,0.7632674831756722
fno,16384,intact,SJSA1,0.7669734233188515
fno,16384,intact,Daoy,0.7759399110897075
fno,16384,intact,A172,0.7659822899458604
fno,16384,intact,induced pluripotent stem cell,0.7934479629202041
fno,16384,intact,fibroblast of arm,0.7202591126193112
fno,16384,intact,A375,0.769164408522419
fno,16384,intact,HT-29,0.7094331331410691
fno,16384,intact,PC-3,0.7567881554970568
fno,16384,intact,Karpas-422,0.7306744692485259
fno,16384,intact,Oci-Ly-7,0.7543873174816804
fno,16384,intact,SJCRH30,0.7582049099645093
fno,16384,intact,neural cell,0.7295779215918655
fno,16384,intact,umbilical cord,0.7232816644366569
fno,16384,intact,pericyte cell,0.7392329987746691
fno,16384,intact,melanocyte of skin,0.7586072616698666
fno,16384,intact,placental epithelial cell,0.742621140720514
fno,16384,intact,hair follicle dermal papilla cell,0.7174130254450294
fno,16384,intact,hematopoietic multipotent progenitor cell,0.7213398587289683
fno,16384,intact,vein endothelial cell,0.7415372554704152
fno,16384,intact,osteoblast,0.7190049872989865
fno,16384,intact,articular chondrocyte of knee joint,0.7295123666027054
fno,16384,intact,thoracic aorta endothelial cell,0.7593869501798856
fno,16384,intact,fibroblast of the aortic adventitia,0.7413964061056886
fno,16384,intact,skeletal muscle satellite cell,0.746586657351556
fno,16384,intact,fibroblast of dermis,0.7353943494890126
fno,16384,intact,mammary epithelial cell,0.7714504331308064
fno,16384,intact,subcutaneous preadipocyte,0.7453791956588832
fno,16384,intact,fibroblast of villous mesenchyme,0.7348917502373413
fno,16384,intact,endothelial cell of umbilical vein,0.7346711141609528
fno,16384,intact,fibroblast of lung,0.7258264426439366
fno,16384,intact,keratinocyte,0.7430045465486917
fno,16384,intact,stomach,0.7561120271102647
fno,16384,intact,dermis microvascular lymphatic vessel endothelial cell,0.7265082109279296
fno,16384,intact,tongue,0.7396343473621152
fno,16384,intact,lung microvascular endothelial cell,0.7043896187359672
fno,16384,intact,liver,0.7030904286008856
fno,16384,intact,smooth muscle cell of the coronary artery,0.7135995081511027
fno,16384,intact,aortic smooth muscle cell,0.704393070329266
fno,16384,intact,cerebellum,0.7433714288048537
fno,16384,intact,occipital lobe,0.7364570339419733
fno,16384,intact,lung,0.7637313457496694
fno,16384,intact,metanephros,0.7725390320504041
fno,16384,intact,bronchial smooth muscle cell,0.7075907399932163
fno,16384,intact,spinal cord,0.7409881653306701
fno,16384,intact,parietal lobe,0.7258612293253076
fno,16384,intact,diencephalon,0.731024992498297
fno,16384,intact,bronchial epithelial cell,0.7459746116241925
fno,16384,intact,human nasal epithelial cells,0.7522980505579818
fno,16384,intact,pulmonary artery endothelial cell,0.7443008193641544
fno,16384,intact,regular cardiac myocyte,0.7301860452002825
fno,16384,intact,endothelial cell of coronary artery,0.7354239767125295
fno,16384,intact,skeletal muscle tissue,0.6984168834330952
fno,16384,intact,skin of body,0.7479330779192631
fno,16384,intact,frontal cortex,0.705187723740643
fno,16384,intact,camera-type eye,0.7817877371874745
fno,16384,intact,dermis lymphatic vessel endothelial cell,0.7162217191193515
fno,16384,intact,smooth muscle cell of the umbilical artery,0.7224633865351189
fno,16384,intact,tracheal epithelial cell,0.7567820037200504
fno,16384,intact,smooth muscle cell of trachea,0.7438754051032462
fno,16384,intact,renal cortical epithelial cell,0.7774648924688541
fno,16384,intact,dermis blood vessel endothelial cell,0.7375708897578055
fno,16384,intact,heart,0.7345241315785175
fno,16384,intact,thyroid gland,0.7033955281949034
fno,16384,intact,urinary bladder,0.7462214946838329
fno,16384,intact,temporal lobe,0.7058598499696402
fno,16384,intact,uterine smooth muscle cell,0.7550817460542727
fno,16384,intact,epithelial cell of umbilical artery,0.7413723143441874
fno,16384,intact,smooth muscle cell of the pulmonary artery,0.7097411037402727
fno,16384,intact,smooth muscle cell of bladder,0.7019303826514128
fno,16384,intact,bladder microvascular endothelial cell,0.7329168284203882
fno,16384,intact,uterus,0.7851638006044093
fno,16384,intact,GM12878,0.7407466781256176
fno,16384,intact,Universal_Human_Reference,0.7770845425894567
fno,16384,intact,H1_Cell_Line,0.736580787952882
fno,16384,intact,H1_BMP4_Derived_Mesendoderm_Cultured_Cells,0.750215920084774
fno,16384,intact,H1_BMP4_Derived_Trophoblast_Cultured_Cells,0.7199381277623548
fno,16384,intact,H1_Derived_Mesenchymal_Stem_Cells,0.6743697190521529
fno,16384,intact,H1_Derived_Neuronal_Progenitor_Cultured_Cells,0.7775899049924341
fno,16384,intact,hESC_Derived_CD184+_Endoderm_Cultured_Cells,0.7700890476827816
fno,16384,intact,hESC_Derived_CD56+_Ectoderm_Cultured_Cells,0.7900180824681063
fno,16384,intact,hESC_Derived_CD56+_Mesoderm_Cultured_Cells,0.7507829545990686
fno,16384,intact,HUES64_Cell_Line,0.7660237239546484
fno,16384,intact,4star,0.7475182605506712
fno,16384,intact,Breast_Myoepithelial_Cells,0.7140083973498995
fno,16384,intact,Breast_vHMEC,0.7402498561324244
fno,16384,intact,CD4_Memory_Primary_Cells,0.6801684916093418
fno,16384,intact,CD4_Naive_Primary_Cells,0.6585860773899495
fno,16384,intact,CD8_Naive_Primary_Cells,0.6646045096133255
fno,16384,intact,Mobilized_CD34_Primary_Cells_Female,0.748668719899814
fno,16384,intact,Neurosphere_Cultured_Cells_Cortex_Derived,0.7315466480764911
fno,16384,intact,Neurosphere_Cultured_Cells_Ganglionic_Eminence_Derived,0.7375405023432554
fno,16384,intact,Penis_Foreskin_Fibroblast_Primary_Cells_skin01,0.7249273699173857
fno,16384,intact,Penis_Foreskin_Fibroblast_Primary_Cells_skin02,0.6857496115977911
fno,16384,intact,Penis_Foreskin_Keratinocyte_Primary_Cells_skin02,0.6916963418464802
fno,16384,intact,Penis_Foreskin_Keratinocyte_Primary_Cells_skin03,0.7379888682517114
fno,16384,intact,Penis_Foreskin_Melanocyte_Primary_Cells_skin01,0.6603550587302601
fno,16384,intact,Penis_Foreskin_Melanocyte_Primary_Cells_skin03,0.7101608420631974
fno,16384,intact,Peripheral_Blood_Mononuclear_Primary_Cells,0.6538890666428118
fno,16384,intact,Aorta,0.647222659568246
fno,16384,intact,Adult_Liver,0.5966650935441847
fno,16384,intact,Brain_Germinal_Matrix,0.7189363471330769
fno,16384,intact,Brain_Hippocampus_Middle,0.6807117384323064
fno,16384,intact,Esophagus,0.676394383748549
fno,16384,intact,Fetal_Brain_Female,0.6722221681877195
fno,16384,intact,Fetal_Intestine_Large,0.7190975165243119
fno,16384,intact,Fetal_Intestine_Small,0.708028408108262
fno,16384,intact,Pancreatic_Islets,0.7081618775559875
fno,16384,intact,Gastric,0.7109572395924588
fno,16384,intact,Left_Ventricle,0.6774059006338903
fno,16384,intact,Lung.1,0.6984642025202678
fno,16384,intact,Ovary.1,0.71507547689983
fno,16384,intact,Pancreas.1,0.7028681328165914
fno,16384,intact,Psoas_Muscle,0.66431346265623
fno,16384,intact,Right_Atrium,0.6627539502995389
fno,16384,intact,Right_Ventricle,0.6714450529059647
fno,16384,intact,Sigmoid_Colon,0.6910178613908718
fno,16384,intact,Small_Intestine,0.6702415731599768
fno,16384,intact,Thymus,0.727146540276815
fno,16384,intact,Spleen.1,0.6872728108766322
fno,16384,intact,A549,0.7449003848279263
fno,16384,intact,GM12878.1,0.705874892620855
fno,16384,intact,HELA,0.721043175680817
fno,16384,intact,HEPG2,0.7027993939577071
fno,16384,intact,HMEC,0.7356545952507759
fno,16384,intact,HSMM,0.7174388629669024
fno,16384,intact,HUVEC,0.6979106636674546
fno,16384,intact,K562.1,0.726813065287828
fno,16384,intact,NHEK,0.7255944533033482
fno,16384,intact,NHLF,0.6965077490078456
attention,16384,intact,Adipose_Subcutaneous,0.6673541378228238
attention,16384,intact,Adipose_Visceral_Omentum,0.6558182350082183
attention,16384,intact,Adrenal_Gland,0.6613258251529528
attention,16384,intact,Artery_Aorta,0.6617165697938033
attention,16384,intact,Artery_Coronary,0.6593885545944845
attention,16384,intact,Artery_Tibial,0.6705460311106562
attention,16384,intact,Bladder,0.7099510402597655
attention,16384,intact,Brain_Amygdala,0.6485369516786771
attention,16384,intact,Brain_Anterior_cingulate_cortex_BA24,0.6503048333488536
attention,16384,intact,Brain_Caudate_basal_ganglia,0.6580524869911057
attention,16384,intact,Brain_Cerebellar_Hemisphere,0.6635249658190111
attention,16384,intact,Brain_Cerebellum,0.6679323895862534
attention,16384,intact,Brain_Cortex,0.6532869015155444
attention,16384,intact,Brain_Frontal_Cortex_BA9,0.6500336982087668
attention,16384,intact,Brain_Hippocampus,0.645752473912779
attention,16384,intact,Brain_Hypothalamus,0.6599995885082998
attention,16384,intact,Brain_Nucleus_accumbens_basal_ganglia,0.6610868333527736
attention,16384,intact,Brain_Putamen_basal_ganglia,0.6422032435511001
attention,16384,intact,Brain_Spinal_cord_cervical_c1,0.6549324549724934
attention,16384,intact,Brain_Substantia_nigra,0.64418116672742
attention,16384,intact,Breast_Mammary_Tissue,0.6911805286108175
attention,16384,intact,Cells_EBV-transformed_lymphocytes,0.7269206346844511
attention,16384,intact,Cells_Transformed_fibroblasts,0.705295245153574
attention,16384,intact,Cervix_Ectocervix,0.6903518193783656
attention,16384,intact,Cervix_Endocervix,0.7174624100649591
attention,16384,intact,Colon_Sigmoid,0.6921043427407089
attention,16384,intact,Colon_Transverse,0.6893213012692976
attention,16384,intact,Esophagus_Gastroesophageal_Junction,0.6946830619186883
attention,16384,intact,Esophagus_Mucosa,0.6657191296285894
attention,16384,intact,Esophagus_Muscularis,0.6997540732966918
attention,16384,intact,Fallopian_Tube,0.7018936934035552
attention,16384,intact,Heart_Atrial_Appendage,0.6448648827000428
attention,16384,intact,Heart_Left_Ventricle,0.6260496917881296
attention,16384,intact,Kidney_Cortex,0.6843536061802166
attention,16384,intact,Liver,0.5987709547914533
attention,16384,intact,Lung,0.6816946503648764
attention,16384,intact,Minor_Salivary_Gland,0.6860101733806445
attention,16384,intact,Muscle_Skeletal,0.613493913104315
attention,16384,intact,Nerve_Tibial,0.6911498560679924
attention,16384,intact,Ovary,0.7059548120021112
attention,16384,intact,Pancreas,0.6774644748685716
attention,16384,intact,Pituitary,0.7286510521595496
attention,16384,intact,Prostate,0.7114833132970704
attention,16384,intact,Skin_Not_Sun_Exposed_Suprapubic,0.6720485320042421
attention,16384,intact,Skin_Sun_Exposed_Lower_leg,0.6681891492935027
attention,16384,intact,Small_Intestine_Terminal_Ileum,0.6637822025260286
attention,16384,intact,Spleen,0.6840496284218229
attention,16384,intact,Stomach,0.6982698758808482
attention,16384,intact,Testis,0.6637889183853688
attention,16384,intact,Thyroid,0.6895806158142693
attention,16384,intact,Uterus,0.7129695065518256
attention,16384,intact,Vagina,0.6861716124551739
attention,16384,intact,Whole_Blood,0.5391331264780584
attention,16384,intact,cardiac ventricle fibroblast,0.7121895868281385
attention,16384,intact,hair follicular keratinocyte,0.7731988370141752
attention,16384,intact,airway epithelial cell,0.7727633796199352
attention,16384,intact,epithelial cell of proximal tubule,0.8023239556642473
attention,16384,intact,pericardium fibroblast,0.7211534606115086
attention,16384,intact,mesangial cell,0.7820197452338736
attention,16384,intact,bronchial fibroblast,0.7669245589185283
attention,16384,intact,glomerular endothelial cell,0.7507472073715186
attention,16384,intact,kidney epithelial cell,0.8097490964138165
attention,16384,intact,mammary microvascular endothelial cell,0.7550808200451963
attention,16384,intact,epithelial cell of alveolus of lung,0.750719745566224
attention,16384,intact,myometrial cell,0.7416154598438651
attention,16384,intact,cardiac atrium fibroblast,0.7371838006249104
attention,16384,intact,endometrial microvascular endothelial cell,0.7595579896216463
attention,16384,intact,smooth muscle cell,0.7573141988740161
attention,16384,intact,hepatocyte,0.7653394291910033
attention,16384,intact,neural progenitor cell,0.8048101730874485
attention,16384,intact,HT1080,0.7822450191317046
attention,16384,intact,SK-N-DZ,0.7915085893774462
attention,16384,intact,SK-MEL-5,0.7775806946772565
attention,16384,intact,NCI-H460,0.7769236506289303
attention,16384,intact,astrocyte,0.7520757943699161
attention,16384,intact,LHCN-M2,0.7772558441946051
attention,16384,intact,K562,0.7445745276086692
attention,16384,intact,HepG2,0.7727140200593144
attention,16384,intact,MCF-7,0.7770216088550446
attention,16384,intact,bipolar spindle neuron,0.7545137858991285
attention,16384,intact,skeletal muscle myoblast,0.74572113426711
attention,16384,intact,myotube,0.7315952533011411
attention,16384,intact,H7-hESC,0.7907161437773752
attention,16384,intact,RPMI-7951,0.7525929199265825
attention,16384,intact,M059J,0.7637220514889841
attention,16384,intact,H4,0.7555947469710208
attention,16384,intact,MG63,0.7724474551878501
attention,16384,intact,G401,0.7632943481215234
attention,16384,intact,Caki2,0.7707409154950966
attention,16384,intact,SJSA1,0.7860363045377191
attention,16384,intact,Daoy,0.7803738208196153
attention,16384,intact,A172,0.779385277327496
attention,16384,intact,induced pluripotent stem cell,0.8027359964269903
attention,16384,intact,fibroblast of arm,0.7310347780143939
attention,16384,intact,A375,0.782548426121974
attention,16384,intact,HT-29,0.728422550272374
attention,16384,intact,PC-3,0.772338767021759
attention,16384,intact,Karpas-422,0.737670232245653
attention,16384,intact,Oci-Ly-7,0.7701449521574548
attention,16384,intact,SJCRH30,0.7644597675452093
attention,16384,intact,neural cell,0.7329767597935781
attention,16384,intact,umbilical cord,0.7340660224422816
attention,16384,intact,pericyte cell,0.7571996385932741
attention,16384,intact,melanocyte of skin,0.7636365515140927
attention,16384,intact,placental epithelial cell,0.755615089696001
attention,16384,intact,hair follicle dermal papilla cell,0.7284897141938989
attention,16384,intact,hematopoietic multipotent progenitor cell,0.7333136345065245
attention,16384,intact,vein endothelial cell,0.7521252676863942
attention,16384,intact,osteoblast,0.7326360670447327
attention,16384,intact,articular chondrocyte of knee joint,0.7358683211012184
attention,16384,intact,thoracic aorta endothelial cell,0.7684960862170004
attention,16384,intact,fibroblast of the aortic adventitia,0.7474697031099066
attention,16384,intact,skeletal muscle satellite cell,0.7534850782589709
attention,16384,intact,fibroblast of dermis,0.7472175378539792
attention,16384,intact,mammary epithelial cell,0.7777590484015021
attention,16384,intact,subcutaneous preadipocyte,0.7533286375227162
attention,16384,intact,fibroblast of villous mesenchyme,0.7478569312612086
attention,16384,intact,endothelial cell of umbilical vein,0.7478591894529769
attention,16384,intact,fibroblast of lung,0.730885846775875
attention,16384,intact,keratinocyte,0.7515581062559612
attention,16384,intact,stomach,0.7644152487582178
attention,16384,intact,dermis microvascular lymphatic vessel endothelial cell,0.7334792094365342
attention,16384,intact,tongue,0.7398919620175238
attention,16384,intact,lung microvascular endothelial cell,0.7114679858263385
attention,16384,intact,liver,0.7155450008018348
attention,16384,intact,smooth muscle cell of the coronary artery,0.7272273789234313
attention,16384,intact,aortic smooth muscle cell,0.7155666012082676
attention,16384,intact,cerebellum,0.747985211520148
attention,16384,intact,occipital lobe,0.7354323240572681
attention,16384,intact,lung,0.7727841071875462
attention,16384,intact,metanephros,0.7761740618044398
attention,16384,intact,bronchial smooth muscle cell,0.7163928812949112
attention,16384,intact,spinal cord,0.7345913311360635
attention,16384,intact,parietal lobe,0.727380179460941
attention,16384,intact,diencephalon,0.7293649830885149
attention,16384,intact,bronchial epithelial cell,0.7558621289931086
attention,16384,intact,human nasal epithelial cells,0.7638370242501303
attention,16384,intact,pulmonary artery endothelial cell,0.7538321997103248
attention,16384,intact,regular cardiac myocyte,0.7452276874245237
attention,16384,intact,endothelial cell of coronary artery,0.7481918384275162
attention,16384,intact,skeletal muscle tissue,0.7038130965939667
attention,16384,intact,skin of body,0.7473026540065563
attention,16384,intact,frontal cortex,0.707884381897283
attention,16384,intact,camera-type eye,0.7831998202666778
attention,16384,intact,dermis lymphatic vessel endothelial cell,0.7284616144219974
attention,16384,intact,smooth muscle cell of the umbilical artery,0.744781069360729
attention,16384,intact,tracheal epithelial cell,0.7641475293066547
attention,16384,intact,smooth muscle cell of trachea,0.7521391705629336
attention,16384,intact,renal cortical epithelial cell,0.79230595899155
attention,16384,intact,dermis blood vessel endothelial cell,0.7494335568491991
attention,16384,intact,heart,0.7355668372787072
attention,16384,intact,thyroid gland,0.7079082119461826
attention,16384,intact,urinary bladder,0.7452882167262992
attention,16384,intact,temporal lobe,0.7033387509753286
attention,16384,intact,uterine smooth muscle cell,0.7691621339867006
attention,16384,intact,epithelial cell of umbilical artery,0.7575523268448704
attention,16384,intact,smooth muscle cell of the pulmonary artery,0.7283687074944935
attention,16384,intact,smooth muscle cell of bladder,0.7125706066570433
attention,16384,intact,bladder microvascular endothelial cell,0.7421978100801995
attention,16384,intact,uterus,0.7922867668832009
attention,16384,intact,GM12878,0.7479749366159409
attention,16384,intact,Universal_Human_Reference,0.7916012725225415
attention,16384,intact,H1_Cell_Line,0.7450942754357848
attention,16384,intact,H1_BMP4_Derived_Mesendoderm_Cultured_Cells,0.7512568747261303
attention,16384,intact,H1_BMP4_Derived_Trophoblast_Cultured_Cells,0.7428099844556844
attention,16384,intact,H1_Derived_Mesenchymal_Stem_Cells,0.682264061638776
attention,16384,intact,H1_Derived_Neuronal_Progenitor_Cultured_Cells,0.7883821119425379
attention,16384,intact,hESC_Derived_CD184+_Endoderm_Cultured_Cells,0.7779565857410294
attention,16384,intact,hESC_Derived_CD56+_Ectoderm_Cultured_Cells,0.7969489635783629
attention,16384,intact,hESC_Derived_CD56+_Mesoderm_Cultured_Cells,0.7602630502633998
attention,16384,intact,HUES64_Cell_Line,0.773305030246702
attention,16384,intact,4star,0.7522683071136823
attention,16384,intact,Breast_Myoepithelial_Cells,0.7329897560143376
attention,16384,intact,Breast_vHMEC,0.7498878883890381
attention,16384,intact,CD4_Memory_Primary_Cells,0.700854444813818
attention,16384,intact,CD4_Naive_Primary_Cells,0.6750036077072602
attention,16384,intact,CD8_Naive_Primary_Cells,0.6831557187680447
attention,16384,intact,Mobilized_CD34_Primary_Cells_Female,0.7574950316883733
attention,16384,intact,Neurosphere_Cultured_Cells_Cortex_Derived,0.7406993373617358
attention,16384,intact,Neurosphere_Cultured_Cells_Ganglionic_Eminence_Derived,0.7493072392948595
attention,16384,intact,Penis_Foreskin_Fibroblast_Primary_Cells_skin01,0.7415467905726173
attention,16384,intact,Penis_Foreskin_Fibroblast_Primary_Cells_skin02,0.702221714316669
attention,16384,intact,Penis_Foreskin_Keratinocyte_Primary_Cells_skin02,0.7124492933437238
attention,16384,intact,Penis_Foreskin_Keratinocyte_Primary_Cells_skin03,0.7508964694684125
attention,16384,intact,Penis_Foreskin_Melanocyte_Primary_Cells_skin01,0.6795515388192062
attention,16384,intact,Penis_Foreskin_Melanocyte_Primary_Cells_skin03,0.7211777425121039
attention,16384,intact,Peripheral_Blood_Mononuclear_Primary_Cells,0.6729546399294867
attention,16384,intact,Aorta,0.6534389550926086
attention,16384,intact,Adult_Liver,0.6064183002793223
attention,16384,intact,Brain_Germinal_Matrix,0.7189033252275281
attention,16384,intact,Brain_Hippocampus_Middle,0.6832743348537877
attention,16384,intact,Esophagus,0.6910562444969807
attention,16384,intact,Fetal_Brain_Female,0.6732055629196781
attention,16384,intact,Fetal_Intestine_Large,0.729331688508888
attention,16384,intact,Fetal_Intestine_Small,0.7238580918879994
attention,16384,intact,Pancreatic_Islets,0.718858082513394
attention,16384,intact,Gastric,0.7201372422274505
attention,16384,intact,Left_Ventricle,0.6875392747610553
attention,16384,intact,Lung.1,0.7096499441835565
attention,16384,intact,Ovary.1,0.7242661569069115
attention,16384,intact,Pancreas.1,0.721154340440534
attention,16384,intact,Psoas_Muscle,0.6762509379640536
attention,16384,intact,Right_Atrium,0.6786431249806766
attention,16384,intact,Right_Ventricle,0.684334244438393
attention,16384,intact,Sigmoid_Colon,0.7128142646848197
attention,16384,intact,Small_Intestine,0.6849539814958344
attention,16384,intact,Thymus,0.7391084168149923
attention,16384,intact,Spleen.1,0.7081911450145615
attention,16384,intact,A549,0.763895435060158
attention,16384,intact,GM12878.1,0.7112993194391186
attention,16384,intact,HELA,0.7323700820728636
attention,16384,intact,HEPG2,0.7200570960730475
attention,16384,intact,HMEC,0.7434890774729586
attention,16384,intact,HSMM,0.7274604375578964
attention,16384,intact,HUVEC,0.7171300213703011
attention,16384,intact,K562.1,0.7342108160556687
attention,16384,intact,NHEK,0.7357255678865151
attention,16384,intact,NHLF,0.7075738642858438
cnn,65536,intact,Adipose_Subcutaneous,0.6632148243620206
cnn,65536,intact,Adipose_Visceral_Omentum,0.6570944041418021
cnn,65536,intact,Adrenal_Gland,0.6606101114236712
cnn,65536,intact,Artery_Aorta,0.6527067228077924
cnn,65536,intact,Artery_Coronary,0.6568766149363318
cnn,65536,intact,Artery_Tibial,0.6607388392278071
cnn,65536,intact,Bladder,0.7054104918735354
cnn,65536,intact,Brain_Amygdala,0.655681328389154
cnn,65536,intact,Brain_Anterior_cingulate_cortex_BA24,0.6509186767815399
cnn,65536,intact,Brain_Caudate_basal_ganglia,0.6639524523471135
cnn,65536,intact,Brain_Cerebellar_Hemisphere,0.6593766997246652
cnn,65536,intact,Brain_Cerebellum,0.6688217378209735
cnn,65536,intact,Brain_Cortex,0.653715757626122
cnn,65536,intact,Brain_Frontal_Cortex_BA9,0.6522674638287085
cnn,65536,intact,Brain_Hippocampus,0.6498185417556943
cnn,65536,intact,Brain_Hypothalamus,0.664588937170764
cnn,65536,intact,Brain_Nucleus_accumbens_basal_ganglia,0.6652464350161162
cnn,65536,intact,Brain_Putamen_basal_ganglia,0.6485018174805467
cnn,65536,intact,Brain_Spinal_cord_cervical_c1,0.662185719266736
cnn,65536,intact,Brain_Substantia_nigra,0.6495901228540556
cnn,65536,intact,Breast_Mammary_Tissue,0.6889607831125186
cnn,65536,intact,Cells_EBV-transformed_lymphocytes,0.7222817898117627
cnn,65536,intact,Cells_Transformed_fibroblasts,0.6974580735216827
cnn,65536,intact,Cervix_Ectocervix,0.6786754099713416
cnn,65536,intact,Cervix_Endocervix,0.7068329919029948
cnn,65536,intact,Colon_Sigmoid,0.6837101159660963
cnn,65536,intact,Colon_Transverse,0.6815194517278979
cnn,65536,intact,Esophagus_Gastroesophageal_Junction,0.6867847505942227
cnn,65536,intact,Esophagus_Mucosa,0.6634395760215502
cnn,65536,intact,Esophagus_Muscularis,0.6880977078926142
cnn,65536,intact,Fallopian_Tube,0.6972046418274411
cnn,65536,intact,Heart_Atrial_Appendage,0.6398866082246231
cnn,65536,intact,Heart_Left_Ventricle,0.6222459423357186
cnn,65536,intact,Kidney_Cortex,0.6863111526442034
cnn,65536,intact,Liver,0.5996604496081689
cnn,65536,intact,Lung,0.6758025473533985
cnn,65536,intact,Minor_Salivary_Gland,0.6817880024145552
cnn,65536,intact,Muscle_Skeletal,0.61210385547624
cnn,65536,intact,Nerve_Tibial,0.689172307895853
cnn,65536,intact,Ovary,0.6979163759952695
cnn,65536,intact,Pancreas,0.6728515396273558
cnn,65536,intact,Pituitary,0.7269914301110617
cnn,65536,intact,Prostate,0.7080074746174082
cnn,65536,intact,Skin_Not_Sun_Exposed_Suprapubic,0.6667503122256643
cnn,65536,intact,Skin_Sun_Exposed_Lower_leg,0.6641771818675282
cnn,65536,intact,Small_Intestine_Terminal_Ileum,0.6586488025636216
cnn,65536,intact,Spleen,0.679316640894843
cnn,65536,intact,Stomach,0.6914931480326435
cnn,65536,intact,Testis,0.6597184145037726
cnn,65536,intact,Thyroid,0.6872895148541357
cnn,65536,intact,Uterus,0.7037345970759278
cnn,65536,intact,Vagina,0.6791835051709052
cnn,65536,intact,Whole_Blood,0.5443660940537335
cnn,65536,intact,cardiac ventricle fibroblast,0.7054148657230658
cnn,65536,intact,hair follicular keratinocyte,0.758411184553339
cnn,65536,intact,airway epithelial cell,0.7613523181581461
cnn,65536,intact,epithelial cell of proximal tubule,0.791142667808057
cnn,65536,intact,pericardium fibroblast,0.7091687089629941
cnn,65536,intact,mesangial cell,0.7678342598398901
cnn,65536,intact,bronchial fibroblast,0.7566883681889324
cnn,65536,intact,glomerular endothelial cell,0.7354833321398223
cnn,65536,intact,kidney epithelial cell,0.7932072759040564
cnn,65536,intact,mammary microvascular endothelial cell,0.7425101291517965
cnn,65536,intact,epithelial cell of alveolus of lung,0.733906306091736
cnn,65536,intact,myometrial cell,0.7200889882092433
cnn,65536,intact,cardiac atrium fibroblast,0.7233877393622308
cnn,65536,intact,endometrial microvascular endothelial cell,0.7535353025915145
cnn,65536,intact,smooth muscle cell,0.7466335633685945
cnn,65536,intact,hepatocyte,0.759163514257474
cnn,65536,intact,neural progenitor cell,0.7966105576510696
cnn,65536,intact,HT1080,0.76828097433665
cnn,65536,intact,SK-N-DZ,0.7851867525863371
cnn,65536,intact,SK-MEL-5,0.7710429314401307
cnn,65536,intact,NCI-H460,0.7730687770803567
cnn,65536,intact,astrocyte,0.7413043115734448
cnn,65536,intact,LHCN-M2,0.7663297852881225
cnn,65536,intact,K562,0.741472336394185
cnn,65536,intact,HepG2,0.7592743117823219
cnn,65536,intact,MCF-7,0.7659219181767433
cnn,65536,intact,bipolar spindle neuron,0.7412204676925817
cnn,65536,intact,skeletal muscle myoblast,0.7359274116499132
cnn,65536,intact,myotube,0.718257265378425
cnn,65536,intact,H7-hESC,0.7739344601780842
cnn,65536,intact,RPMI-7951,0.7502027123218226
cnn,65536,intact,M059J,0.75150014770738
cnn,65536,intact,H4,0.7578670230796206
cnn,65536,intact,MG63,0.7646201230370159
cnn,65536,intact,G401,0.7484631813793764
cnn,65536,intact,Caki2,0.7605552166764712
cnn,65536,intact,SJSA1,0.7674290701526187
cnn,65536,intact,Daoy,0.7793122322323839
cnn,65536,intact,A172,0.770273188127692
cnn,65536,intact,induced pluripotent stem cell,0.7905754221249354
cnn,65536,intact,fibroblast of arm,0.7195805895144334
cnn,65536,intact,A375,0.7695884826910108
cnn,65536,intact,HT-29,0.7202496019125464
cnn,65536,intact,PC-3,0.7563085008862697
cnn,65536,intact,Karpas-422,0.7343203618407265
cnn,65536,intact,Oci-Ly-7,0.7612160789960511
cnn,65536,intact,SJCRH30,0.7617196065292916
cnn,65536,intact,neural cell,0.7333630709567247
cnn,65536,intact,umbilical cord,0.7226240408107731
cnn,65536,intact,pericyte cell,0.738284320982242
cnn,65536,intact,melanocyte of skin,0.7602787868375116
cnn,65536,intact,placental epithelial cell,0.7374763046274055
cnn,65536,intact,hair follicle dermal papilla cell,0.7152363105050755
cnn,65536,intact,hematopoietic multipotent progenitor cell,0.7257913481768535
cnn,65536,intact,vein endothelial cell,0.7371095993266489
cnn,65536,intact,osteoblast,0.7186342049665017
cnn,65536,intact,articular chondrocyte of knee joint,0.7320613245828564
cnn,65536,intact,thoracic aorta endothelial cell,0.7575146548371205
cnn,65536,intact,fibroblast of the aortic adventitia,0.7382343232325196
cnn,65536,intact,skeletal muscle satellite cell,0.7435330350788217
cnn,65536,intact,fibroblast of dermis,0.7311813971888904
cnn,65536,intact,mammary epithelial cell,0.7668863093376039
cnn,65536,intact,subcutaneous preadipocyte,0.7444673550088
cnn,65536,intact,fibroblast of villous mesenchyme,0.7302888823209427
cnn,65536,intact,endothelial cell of umbilical vein,0.7370159414135297
cnn,65536,intact,fibroblast of lung,0.7231979855056389
cnn,65536,intact,keratinocyte,0.7405581574467398
cnn,65536,intact,stomach,0.7564876246734603
cnn,65536,intact,dermis microvascular lymphatic vessel endothelial cell,0.7236822428227452
cnn,65536,intact,tongue,0.7359326099411388
cnn,65536,intact,lung microvascular endothelial cell,0.703319351512337
cnn,65536,intact,liver,0.7096984368969285
cnn,65536,intact,smooth muscle cell of the coronary artery,0.7117949200154662
cnn,65536,intact,aortic smooth muscle cell,0.7013747233186037
cnn,65536,intact,cerebellum,0.7566564690795105
cnn,65536,intact,occipital lobe,0.7422824468703273
cnn,65536,intact,lung,0.7649108540915436
cnn,65536,intact,metanephros,0.7753441324297129
cnn,65536,intact,bronchial smooth muscle cell,0.7017203174807779
cnn,65536,intact,spinal cord,0.754098350330334
cnn,65536,intact,parietal lobe,0.7272430513909129
cnn,65536,intact,diencephalon,0.7403207493702358
cnn,65536,intact,bronchial epithelial cell,0.7434463544547265
cnn,65536,intact,human nasal epithelial cells,0.7518713552363927
cnn,65536,intact,pulmonary artery endothelial cell,0.7411428405026624
cnn,65536,intact,regular cardiac myocyte,0.729740026302235
cnn,65536,intact,endothelial cell of coronary artery,0.7325424018013762
cnn,65536,intact,skeletal muscle tissue,0.7038934697553575
cnn,65536,intact,skin of body,0.745807007233147
cnn,65536,intact,frontal cortex,0.7160912715532466
cnn,65536,intact,camera-type eye,0.7801879550824776
cnn,65536,intact,dermis lymphatic vessel endothelial cell,0.7197595175478669
cnn,65536,intact,smooth muscle cell of the umbilical artery,0.7214674602547029
cnn,65536,intact,tracheal epithelial cell,0.7532151996061661
cnn,65536,intact,smooth muscle cell of trachea,0.7340492843177132
cnn,65536,intact,renal cortical epithelial cell,0.7728004271380261
cnn,65536,intact,dermis blood vessel endothelial cell,0.735720240482512
cnn,65536,intact,heart,0.7398920651578437
cnn,65536,intact,thyroid gland,0.7035654638766086
cnn,65536,intact,urinary bladder,0.7477580036493922
cnn,65536,intact,temporal lobe,0.7126023754908516
cnn,65536,intact,uterine smooth muscle cell,0.7519592311993364
cnn,65536,intact,epithelial cell of umbilical artery,0.7403370988369975
cnn,65536,intact,smooth muscle cell of the pulmonary artery,0.7071660840566295
cnn,65536,intact,smooth muscle cell of bladder,0.7039952462982669
cnn,65536,intact,bladder microvascular endothelial cell,0.7327913032213652
cnn,65536,intact,uterus,0.7841847828738171
cnn,65536,intact,GM12878,0.7438077700402376
cnn,65536,intact,Universal_Human_Reference,0.7834226120157322
cnn,65536,intact,H1_Cell_Line,0.7280729503869233
cnn,65536,intact,H1_BMP4_Derived_Mesendoderm_Cultured_Cells,0.7462851813928779
cnn,65536,intact,H1_BMP4_Derived_Trophoblast_Cultured_Cells,0.7178729561962472
cnn,65536,intact,H1_Derived_Mesenchymal_Stem_Cells,0.6709261461667984
cnn,65536,intact,H1_Derived_Neuronal_Progenitor_Cultured_Cells,0.7735353785022087
cnn,65536,intact,hESC_Derived_CD184+_Endoderm_Cultured_Cells,0.7649084557015767
cnn,65536,intact,hESC_Derived_CD56+_Ectoderm_Cultured_Cells,0.783815550939682
cnn,65536,intact,hESC_Derived_CD56+_Mesoderm_Cultured_Cells,0.746153855133719
cnn,65536,intact,HUES64_Cell_Line,0.7605411926856135
cnn,65536,intact,4star,0.741602696608549
cnn,65536,intact,Breast_Myoepithelial_Cells,0.7152268275208233
cnn,65536,intact,Breast_vHMEC,0.7361593051552838
cnn,65536,intact,CD4_Memory_Primary_Cells,0.6855874602907391
cnn,65536,intact,CD4_Naive_Primary_Cells,0.6607693597359799
cnn,65536,intact,CD8_Naive_Primary_Cells,0.6695243132077265
cnn,65536,intact,Mobilized_CD34_Primary_Cells_Female,0.7557777943485092
cnn,65536,intact,Neurosphere_Cultured_Cells_Cortex_Derived,0.727486601735133
cnn,65536,intact,Neurosphere_Cultured_Cells_Ganglionic_Eminence_Derived,0.7353516106014641
cnn,65536,intact,Penis_Foreskin_Fibroblast_Primary_Cells_skin01,0.7227619331029341
cnn,65536,intact,Penis_Foreskin_Fibroblast_Primary_Cells_skin02,0.6924072078499196
cnn,65536,intact,Penis_Foreskin_Keratinocyte_Primary_Cells_skin02,0.7033674585420294
cnn,65536,intact,Penis_Foreskin_Keratinocyte_Primary_Cells_skin03,0.7374635289241082
cnn,65536,intact,Penis_Foreskin_Melanocyte_Primary_Cells_skin01,0.6861786228734768
cnn,65536,intact,Penis_Foreskin_Melanocyte_Primary_Cells_skin03,0.7150451919345177
cnn,65536,intact,Peripheral_Blood_Mononuclear_Primary_Cells,0.6623023030944655
cnn,65536,intact,Aorta,0.6495434066262294
cnn,65536,intact,Adult_Liver,0.6057802696814273
cnn,65536,intact,Brain_Germinal_Matrix,0.7211713227292539
cnn,65536,intact,Brain_Hippocampus_Middle,0.6843251313389458
cnn,65536,intact,Esophagus,0.6811554034165931
cnn,65536,intact,Fetal_Brain_Female,0.670461112294556
cnn,65536,intact,Fetal_Intestine_Large,0.722269021648211
cnn,65536,intact,Fetal_Intestine_Small,0.7152180698480919
cnn,65536,intact,Pancreatic_Islets,0.71119237493231
cnn,65536,intact,Gastric,0.7165920010643604
cnn,65536,intact,Left_Ventricle,0.6845867924076572
cnn,65536,intact,Lung.1,0.7118799652666555
cnn,65536,intact,Ovary.1,0.7138216745030946
cnn,65536,intact,Pancreas.1,0.7191967365512036
cnn,65536,intact,Psoas_Muscle,0.6727928497120849
cnn,65536,intact,Right_Atrium,0.6666012876987764
cnn,65536,intact,Right_Ventricle,0.682240883519556
cnn,65536,intact,Sigmoid_Colon,0.6985722283267807
cnn,65536,intact,Small_Intestine,0.67835191761653
cnn,65536,intact,Thymus,0.7389396221911472
cnn,65536,intact,Spleen.1,0.7032698236827731
cnn,65536,intact,A549,0.7471414183840932
cnn,65536,intact,GM12878.1,0.7147308496779493
cnn,65536,intact,HELA,0.7330847546035705
cnn,65536,intact,HEPG2,0.7054286088477899
cnn,65536,intact,HMEC,0.7308180740164508
cnn,65536,intact,HSMM,0.7164626767125547
cnn,65536,intact,HUVEC,0.6991551954936126
cnn,65536,intact,K562.1,0.7298988177431549
cnn,65536,intact,NHEK,0.7232633481501102
cnn,65536,intact,NHLF,0.6964514352757455
cnn,65536,mask,Adipose_Subcutaneous,0.623332626047548
cnn,65536,mask,Adipose_Visceral_Omentum,0.610537848143797
cnn,65536,mask,Adrenal_Gland,0.6123153276702796
cnn,65536,mask,Artery_Aorta,0.6139327706967477
cnn,65536,mask,Artery_Coronary,0.6137885901072382
cnn,65536,mask,Artery_Tibial,0.625160651212748
cnn,65536,mask,Bladder,0.6534915991941106
cnn,65536,mask,Brain_Amygdala,0.6256110426582152
cnn,65536,mask,Brain_Anterior_cingulate_cortex_BA24,0.6265478857181006
cnn,65536,mask,Brain_Caudate_basal_ganglia,0.6354598348378871
cnn,65536,mask,Brain_Cerebellar_Hemisphere,0.6298879602380613
cnn,65536,mask,Brain_Cerebellum,0.6295376172505996
cnn,65536,mask,Brain_Cortex,0.6143906371734321
cnn,65536,mask,Brain_Frontal_Cortex_BA9,0.6270622315564728
cnn,65536,mask,Brain_Hippocampus,0.6152263102017446
cnn,65536,mask,Brain_Hypothalamus,0.6437943963569653
cnn,65536,mask,Brain_Nucleus_accumbens_basal_ganglia,0.6382525209055167
cnn,65536,mask,Brain_Putamen_basal_ganglia,0.6165918638442742
cnn,65536,mask,Brain_Spinal_cord_cervical_c1,0.6282730817123067
cnn,65536,mask,Brain_Substantia_nigra,0.6210253616221036
cnn,65536,mask,Breast_Mammary_Tissue,0.644594249708853
cnn,65536,mask,Cells_EBV-transformed_lymphocytes,0.6907564335687346
cnn,65536,mask,Cells_Transformed_fibroblasts,0.6714861137346175
cnn,65536,mask,Cervix_Ectocervix,0.6278691862775648
cnn,65536,mask,Cervix_Endocervix,0.6597786524352552
cnn,65536,mask,Colon_Sigmoid,0.6344157917583331
cnn,65536,mask,Colon_Transverse,0.6161990024964783
cnn,65536,mask,Esophagus_Gastroesophageal_Junction,0.6355410852793468
cnn,65536,mask,Esophagus_Mucosa,0.5957268364122142
cnn,65536,mask,Esophagus_Muscularis,0.6346500038477826
cnn,65536,mask,Fallopian_Tube,0.641574087875294
cnn,65536,mask,Heart_Atrial_Appendage,0.5962281864203168
cnn,65536,mask,Heart_Left_Ventricle,0.5768455593621202
cnn,65536,mask,Kidney_Cortex,0.6237145483822452
cnn,65536,mask,Liver,0.5453031512234884
cnn,65536,mask,Lung,0.6233520255530989
cnn,65536,mask,Minor_Salivary_Gland,0.6302890292778159
cnn,65536,mask,Muscle_Skeletal,0.566920881511566
cnn,65536,mask,Nerve_Tibial,0.6415243264027539
cnn,65536,mask,Ovary,0.6517006483945125
cnn,65536,mask,Pancreas,0.6079035361209116
cnn,65536,mask,Pituitary,0.6659843681026386
cnn,65536,mask,Prostate,0.6394724156130907
cnn,65536,mask,Skin_Not_Sun_Exposed_Suprapubic,0.596161097992919
cnn,65536,mask,Skin_Sun_Exposed_Lower_leg,0.6056417538614756
cnn,65536,mask,Small_Intestine_Terminal_Ileum,0.5901064345368131
cnn,65536,mask,Spleen,0.5977290952373101
cnn,65536,mask,Stomach,0.6345746894970269
cnn,65536,mask,Testis,0.6005638050598744
cnn,65536,mask,Thyroid,0.6274169434803393
cnn,65536,mask,Uterus,0.6527800618030956
cnn,65536,mask,Vagina,0.6306516809122483
cnn,65536,mask,Whole_Blood,0.45664666090890976
cnn,65536,mask,cardiac ventricle fibroblast,0.6713976817851582
cnn,65536,mask,hair follicular keratinocyte,0.7043104948824115
cnn,65536,mask,airway epithelial cell,0.7080328519044184
cnn,65536,mask,epithelial cell of proximal tubule,0.7500763813136987
cnn,65536,mask,pericardium fibroblast,0.6707336801916314
cnn,65536,mask,mesangial cell,0.713033449358398
cnn,65536,mask,bronchial fibroblast,0.7186581754051935
cnn,65536,mask,glomerular endothelial cell,0.6959490733652377
cnn,65536,mask,kidney epithelial cell,0.7549757162469675
cnn,65536,mask,mammary microvascular endothelial cell,0.7062980409516711
cnn,65536,mask,epithelial cell of alveolus of lung,0.7018626526084569
cnn,65536,mask,myometrial cell,0.6919474376622712
cnn,65536,mask,cardiac atrium fibroblast,0.6919219518814463
cnn,65536,mask,endometrial microvascular endothelial cell,0.716407021922639
cnn,65536,mask,smooth muscle cell,0.742426469841957
cnn,65536,mask,hepatocyte,0.7463321704761006
cnn,65536,mask,neural progenitor cell,0.7926784383186515
cnn,65536,mask,HT1080,0.7305272234227017
cnn,65536,mask,SK-N-DZ,0.750381030440213
cnn,65536,mask,SK-MEL-5,0.7264953731074216
cnn,65536,mask,NCI-H460,0.7294800282376119
cnn,65536,mask,astrocyte,0.7023475945988068
cnn,65536,mask,LHCN-M2,0.7361954580708435
cnn,65536,mask,K562,0.7072858283264978
cnn,65536,mask,HepG2,0.7493251242651887
cnn,65536,mask,MCF-7,0.7438569312399116
cnn,65536,mask,bipolar spindle neuron,0.7239588023312705
cnn,65536,mask,skeletal muscle myoblast,0.7149780227138853
cnn,65536,mask,myotube,0.689919577661802
cnn,65536,mask,H7-hESC,0.7254490150273152
cnn,65536,mask,RPMI-7951,0.7373863951971811
cnn,65536,mask,M059J,0.7343819740385896
cnn,65536,mask,H4,0.7463141996291957
cnn,65536,mask,MG63,0.7315542862532421
cnn,65536,mask,G401,0.7234609656937705
cnn,65536,mask,Caki2,0.722077653208902
cnn,65536,mask,SJSA1,0.7535493241053727
cnn,65536,mask,Daoy,0.7618322340196472
cnn,65536,mask,A172,0.744490428298907
cnn,65536,mask,induced pluripotent stem cell,0.7540634154316329
cnn,65536,mask,fibroblast of arm,0.687612131962808
cnn,65536,mask,A375,0.7278268595757127
cnn,65536,mask,HT-29,0.6396213587196103
cnn,65536,mask,PC-3,0.679138494047386
cnn,65536,mask,Karpas-422,0.6977079428804879
cnn,65536,mask,Oci-Ly-7,0.7118709247299546
cnn,65536,mask,SJCRH30,0.7603770038765298
cnn,65536,mask,neural cell,0.7277935380313924
cnn,65536,mask,umbilical cord,0.7166108837308459
cnn,65536,mask,pericyte cell,0.7104527839093905
cnn,65536,mask,melanocyte of skin,0.7294297682841181
cnn,65536,mask,placental epithelial cell,0.691823629575512
cnn,65536,mask,hair follicle dermal papilla cell,0.6848243073702117
cnn,65536,mask,hematopoietic multipotent progenitor cell,0.6663288891903417
cnn,65536,mask,vein endothelial cell,0.7066472440283325
cnn,65536,mask,osteoblast,0.6989224636160292
cnn,65536,mask,articular chondrocyte of knee joint,0.7262262249791162
cnn,65536,mask,thoracic aorta endothelial cell,0.742103123797345
cnn,65536,mask,fibroblast of the aortic adventitia,0.729798781110607
cnn,65536,mask,skeletal muscle satellite cell,0.720051235368516
cnn,65536,mask,fibroblast of dermis,0.7145742270654744
cnn,65536,mask,mammary epithelial cell,0.7232510283785522
cnn,65536,mask,subcutaneous preadipocyte,0.7164859934967672
cnn,65536,mask,fibroblast of villous mesenchyme,0.7183793122646344
cnn,65536,mask,endothelial cell of umbilical vein,0.6769177088831165
cnn,65536,mask,fibroblast of lung,0.7196905311217332
cnn,65536,mask,keratinocyte,0.7027280939883073
cnn,65536,mask,stomach,0.7569727533357938
cnn,65536,mask,dermis microvascular lymphatic vessel endothelial cell,0.6949052786556814
cnn,65536,mask,tongue,0.72559466449402
cnn,65536,mask,lung microvascular endothelial cell,0.6748125186115029
cnn,65536,mask,liver,0.6889300288027139
cnn,65536,mask,smooth muscle cell of the coronary artery,0.6926052375711652
cnn,65536,mask,aortic smooth muscle cell,0.6861810873201132
cnn,65536,mask,cerebellum,0.7697631083953226
cnn,65536,mask,occipital lobe,0.7597629343242794
cnn,65536,mask,lung,0.7536135480945423
cnn,65536,mask,metanephros,0.7397014772188254
cnn,65536,mask,bronchial smooth muscle cell,0.6855394449729446
cnn,65536,mask,spinal cord,0.7659208571634119
cnn,65536,mask,parietal lobe,0.7434358701431728
cnn,65536,mask,diencephalon,0.7608539048608686
cnn,65536,mask,bronchial epithelial cell,0.7113200042087858
cnn,65536,mask,human nasal epithelial cells,0.7218851039096856
cnn,65536,mask,pulmonary artery endothelial cell,0.7156952915545638
cnn,65536,mask,regular cardiac myocyte,0.7133999154477636
cnn,65536,mask,endothelial cell of coronary artery,0.708791013426425
cnn,65536,mask,skeletal muscle tissue,0.6999160107178156
cnn,65536,mask,skin of body,0.7390722838187731
cnn,65536,mask,frontal cortex,0.7373306055002735
cnn,65536,mask,camera-type eye,0.7859135285104925
cnn,65536,mask,dermis lymphatic vessel endothelial cell,0.6982868449601852
cnn,65536,mask,smooth muscle cell of the umbilical artery,0.7020884752198668
cnn,65536,mask,tracheal epithelial cell,0.7167379789863239
cnn,65536,mask,smooth muscle cell of trachea,0.7199466536126433
cnn,65536,mask,renal cortical epithelial cell,0.752091629033484
cnn,65536,mask,dermis blood vessel endothelial cell,0.7049274167663592
cnn,65536,mask,heart,0.7442534096642222
cnn,65536,mask,thyroid gland,0.686819883348489
cnn,65536,mask,urinary bladder,0.7512455627334935
cnn,65536,mask,temporal lobe,0.730400291890354
cnn,65536,mask,uterine smooth muscle cell,0.732882523326024
cnn,65536,mask,epithelial cell of umbilical artery,0.72035477800776
cnn,65536,mask,smooth muscle cell of the pulmonary artery,0.6808848448042117
cnn,65536,mask,smooth muscle cell of bladder,0.6949675136165135
cnn,65536,mask,bladder microvascular endothelial cell,0.7027390607081978
cnn,65536,mask,uterus,0.7757814328618305
cnn,65536,mask,GM12878,0.713842428562853
cnn,65536,mask,Universal_Human_Reference,0.7334187248833448
cnn,65536,mask,H1_Cell_Line,0.6957553292636508
cnn,65536,mask,H1_BMP4_Derived_Mesendoderm_Cultured_Cells,0.7225676305179527
cnn,65536,mask,H1_BMP4_Derived_Trophoblast_Cultured_Cells,0.6797682385753352
cnn,65536,mask,H1_Derived_Mesenchymal_Stem_Cells,0.6507455941438256
cnn,65536,mask,H1_Derived_Neuronal_Progenitor_Cultured_Cells,0.7515882073069499
cnn,65536,mask,hESC_Derived_CD184+_Endoderm_Cultured_Cells,0.7389726670101203
cnn,65536,mask,hESC_Derived_CD56+_Ectoderm_Cultured_Cells,0.7576322210767952
cnn,65536,mask,hESC_Derived_CD56+_Mesoderm_Cultured_Cells,0.7251520118401373
cnn,65536,mask,HUES64_Cell_Line,0.7274736203408153
cnn,65536,mask,4star,0.6951095041091709
cnn,65536,mask,Breast_Myoepithelial_Cells,0.667587239345982
cnn,65536,mask,Breast_vHMEC,0.7024088783131802
cnn,65536,mask,CD4_Memory_Primary_Cells,0.6387292796752376
cnn,65536,mask,CD4_Naive_Primary_Cells,0.6116222420353808
cnn,65536,mask,CD8_Naive_Primary_Cells,0.6190741210150476
cnn,65536,mask,Mobilized_CD34_Primary_Cells_Female,0.7308225229355507
cnn,65536,mask,Neurosphere_Cultured_Cells_Cortex_Derived,0.6787440152574343
cnn,65536,mask,Neurosphere_Cultured_Cells_Ganglionic_Eminence_Derived,0.6970409435229564
cnn,65536,mask,Penis_Foreskin_Fibroblast_Primary_Cells_skin01,0.6638330646082068
cnn,65536,mask,Penis_Foreskin_Fibroblast_Primary_Cells_skin02,0.6001745766027387
cnn,65536,mask,Penis_Foreskin_Keratinocyte_Primary_Cells_skin02,0.5950318825327839
cnn,65536,mask,Penis_Foreskin_Keratinocyte_Primary_Cells_skin03,0.6909544664930293
cnn,65536,mask,Penis_Foreskin_Melanocyte_Primary_Cells_skin01,0.5621532066767619
cnn,65536,mask,Penis_Foreskin_Melanocyte_Primary_Cells_skin03,0.647003599751508
cnn,65536,mask,Peripheral_Blood_Mononuclear_Primary_Cells,0.5933268261370076
cnn,65536,mask,Aorta,0.6331705004607698
cnn,65536,mask,Adult_Liver,0.5934555522399244
cnn,65536,mask,Brain_Germinal_Matrix,0.6890904314657086
cnn,65536,mask,Brain_Hippocampus_Middle,0.6638273903345997
cnn,65536,mask,Esophagus,0.6143806308527675
cnn,65536,mask,Fetal_Brain_Female,0.6362572622891586
cnn,65536,mask,Fetal_Intestine_Large,0.6874135694230231
cnn,65536,mask,Fetal_Intestine_Small,0.6756040189331914
cnn,65536,mask,Pancreatic_Islets,0.6771840169757842
cnn,65536,mask,Gastric,0.6567445561840507
cnn,65536,mask,Left_Ventricle,0.6391171627123641
cnn,65536,mask,Lung.1,0.6422648254919541
cnn,65536,mask,Ovary.1,0.6720766543117552
cnn,65536,mask,Pancreas.1,0.6106722916384997
cnn,65536,mask,Psoas_Muscle,0.6333741740903455
cnn,65536,mask,Right_Atrium,0.6304560447318592
cnn,65536,mask,Right_Ventricle,0.6298237332880849
cnn,65536,mask,Sigmoid_Colon,0.6200714967874047
cnn,65536,mask,Small_Intestine,0.612492227043709
cnn,65536,mask,Thymus,0.6817159791568489
cnn,65536,mask,Spleen.1,0.6293341295750104
cnn,65536,mask,A549,0.7305408383689782
cnn,65536,mask,GM12878.1,0.7247177459369852
cnn,65536,mask,HELA,0.7261270678659507
cnn,65536,mask,HEPG2,0.6528832434956658
cnn,65536,mask,HMEC,0.6783413643309606
cnn,65536,mask,HSMM,0.6960438782571569
cnn,65536,mask,HUVEC,0.6208890420153826
cnn,65536,mask,K562.1,0.701797632759729
cnn,65536,mask,NHEK,0.6894892955652256
cnn,65536,mask,NHLF,0.6970587082871246
cnn,65536,shuffle,Adipose_Subcutaneous,0.6523373740514579
cnn,65536,shuffle,Adipose_Visceral_Omentum,0.6473399767160822
cnn,65536,shuffle,Adrenal_Gland,0.6513682799122207
cnn,65536,shuffle,Artery_Aorta,0.6447671456835088
cnn,65536,shuffle,Artery_Coronary,0.6473589009780021
cnn,65536,shuffle,Artery_Tibial,0.64828003305283
cnn,65536,shuffle,Bladder,0.6937002352194627
cnn,65536,shuffle,Brain_Amygdala,0.6487742493407244
cnn,65536,shuffle,Brain_Anterior_cingulate_cortex_BA24,0.6463718530412144
cnn,65536,shuffle,Brain_Caudate_basal_ganglia,0.6546416927945103
cnn,65536,shuffle,Brain_Cerebellar_Hemisphere,0.6605434372550231
cnn,65536,shuffle,Brain_Cerebellum,0.6695019835655726
cnn,65536,shuffle,Brain_Cortex,0.649602854655983
cnn,65536,shuffle,Brain_Frontal_Cortex_BA9,0.64703118983066
cnn,65536,shuffle,Brain_Hippocampus,0.6440584166562348
cnn,65536,shuffle,Brain_Hypothalamus,0.6576933666617655
cnn,65536,shuffle,Brain_Nucleus_accumbens_basal_ganglia,0.6579053371259707
cnn,65536,shuffle,Brain_Putamen_basal_ganglia,0.6387081770690652
cnn,65536,shuffle,Brain_Spinal_cord_cervical_c1,0.6503682416534321
cnn,65536,shuffle,Brain_Substantia_nigra,0.6407885224019071
cnn,65536,shuffle,Breast_Mammary_Tissue,0.6790037401742265
cnn,65536,shuffle,Cells_EBV-transformed_lymphocytes,0.7151759349506085
cnn,65536,shuffle,Cells_Transformed_fibroblasts,0.6878169565348798
cnn,65536,shuffle,Cervix_Ectocervix,0.6721158360870585
cnn,65536,shuffle,Cervix_Endocervix,0.6977478848782924
cnn,65536,shuffle,Colon_Sigmoid,0.6750073137701427
cnn,65536,shuffle,Colon_Transverse,0.6736265727688865
cnn,65536,shuffle,Esophagus_Gastroesophageal_Junction,0.6771014326710211
cnn,65536,shuffle,Esophagus_Mucosa,0.6558456898700917
cnn,65536,shuffle,Esophagus_Muscularis,0.677036903585195
cnn,65536,shuffle,Fallopian_Tube,0.6887090076545523
cnn,65536,shuffle,Heart_Atrial_Appendage,0.6312294361793475
cnn,65536,shuffle,Heart_Left_Ventricle,0.6147603274989193
cnn,65536,shuffle,Kidney_Cortex,0.6767717471307649
cnn,65536,shuffle,Liver,0.5988600470459142
cnn,65536,shuffle,Lung,0.6608666495091262
cnn,65536,shuffle,Minor_Salivary_Gland,0.6732313428750721
cnn,65536,shuffle,Muscle_Skeletal,0.5995446992527775
cnn,65536,shuffle,Nerve_Tibial,0.6771480940793161
cnn,65536,shuffle,Ovary,0.6918999015650537
cnn,65536,shuffle,Pancreas,0.6717104083215414
cnn,65536,shuffle,Pituitary,0.7163392908686184
cnn,65536,shuffle,Prostate,0.697821414727088
cnn,65536,shuffle,Skin_Not_Sun_Exposed_Suprapubic,0.6577106130557916
cnn,65536,shuffle,Skin_Sun_Exposed_Lower_leg,0.6553468879034887
cnn,65536,shuffle,Small_Intestine_Terminal_Ileum,0.6539703343421758
cnn,65536,shuffle,Spleen,0.6687268626398791
cnn,65536,shuffle,Stomach,0.6860709227588545
cnn,65536,shuffle,Testis,0.6558315592526625
cnn,65536,shuffle,Thyroid,0.6751019648148608
cnn,65536,shuffle,Uterus,0.6964207861873473
cnn,65536,shuffle,Vagina,0.6722260552884693
cnn,65536,shuffle,Whole_Blood,0.530040837294364
cnn,65536,shuffle,cardiac ventricle fibroblast,0.6907744147593304
cnn,65536,shuffle,hair follicular keratinocyte,0.7431377870440763
cnn,65536,shuffle,airway epithelial cell,0.7473121385526081
cnn,65536,shuffle,epithelial cell of proximal tubule,0.7803519689443371
cnn,65536,shuffle,pericardium fibroblast,0.6943555467189519
cnn,65536,shuffle,mesangial cell,0.7584985904441364
cnn,65536,shuffle,bronchial fibroblast,0.7479767640477909
cnn,65536,shuffle,glomerular endothelial cell,0.7225052832605784
cnn,65536,shuffle,kidney epithelial cell,0.7807477055936645
cnn,65536,shuffle,mammary microvascular endothelial cell,0.7313219322755261
cnn,65536,shuffle,epithelial cell of alveolus of lung,0.7192342857325197
cnn,65536,shuffle,myometrial cell,0.7114876646917805
cnn,65536,shuffle,cardiac atrium fibroblast,0.7071172218822118
cnn,65536,shuffle,endometrial microvascular endothelial cell,0.7416451805761383
cnn,65536,shuffle,smooth muscle cell,0.7324241269331389
cnn,65536,shuffle,hepatocyte,0.7437825356843869
cnn,65536,shuffle,neural progenitor cell,0.7870282962979973
cnn,65536,shuffle,HT1080,0.7596718004217656
cnn,65536,shuffle,SK-N-DZ,0.7756538370415503
cnn,65536,shuffle,SK-MEL-5,0.7630221280740487
cnn,65536,shuffle,NCI-H460,0.7656429591236257
cnn,65536,shuffle,astrocyte,0.7267724421533915
cnn,65536,shuffle,LHCN-M2,0.7534907343929069
cnn,65536,shuffle,K562,0.7406599273038346
cnn,65536,shuffle,HepG2,0.7510075222789807
cnn,65536,shuffle,MCF-7,0.7586112798914523
cnn,65536,shuffle,bipolar spindle neuron,0.7348410480533545
cnn,65536,shuffle,skeletal muscle myoblast,0.7193333691889846
cnn,65536,shuffle,myotube,0.702518549873839
cnn,65536,shuffle,H7-hESC,0.7649853975024148
cnn,65536,shuffle,RPMI-7951,0.7365175688902318
cnn,65536,shuffle,M059J,0.7369137617668212
cnn,65536,shuffle,H4,0.745612238350009
cnn,65536,shuffle,MG63,0.749962738634839
cnn,65536,shuffle,G401,0.7484329376614257
cnn,65536,shuffle,Caki2,0.7537447126823993
cnn,65536,shuffle,SJSA1,0.7589075645945261
cnn,65536,shuffle,Daoy,0.7707194604625442
cnn,65536,shuffle,A172,0.757639001045534
cnn,65536,shuffle,induced pluripotent stem cell,0.7802901994543223
cnn,65536,shuffle,fibroblast of arm,0.7024303850469039
cnn,65536,shuffle,A375,0.7592629204539201
cnn,65536,shuffle,HT-29,0.7179195629296335
cnn,65536,shuffle,PC-3,0.74855814229909
cnn,65536,shuffle,Karpas-422,0.7237974289755935
cnn,65536,shuffle,Oci-Ly-7,0.7502191840523879
cnn,65536,shuffle,SJCRH30,0.7539343844601365
cnn,65536,shuffle,neural cell,0.7296022327131315
cnn,65536,shuffle,umbilical cord,0.7070880573844589
cnn,65536,shuffle,pericyte cell,0.7257442496204641
cnn,65536,shuffle,melanocyte of skin,0.743110956927914
cnn,65536,shuffle,placental epithelial cell,0.7197849748039938
cnn,65536,shuffle,hair follicle dermal papilla cell,0.6915398392739284
cnn,65536,shuffle,hematopoietic multipotent progenitor cell,0.7110510341302614
cnn,65536,shuffle,vein endothelial cell,0.7234987278968964
cnn,65536,shuffle,osteoblast,0.6998106420098151
cnn,65536,shuffle,articular chondrocyte of knee joint,0.7140365196754803
cnn,65536,shuffle,thoracic aorta endothelial cell,0.7447902112071126
cnn,65536,shuffle,fibroblast of the aortic adventitia,0.7245047363149245
cnn,65536,shuffle,skeletal muscle satellite cell,0.7328331137206825
cnn,65536,shuffle,fibroblast of dermis,0.717725707725864
cnn,65536,shuffle,mammary epithelial cell,0.747483763200984
cnn,65536,shuffle,subcutaneous preadipocyte,0.7315166670678079
cnn,65536,shuffle,fibroblast of villous mesenchyme,0.7171241391886641
cnn,65536,shuffle,endothelial cell of umbilical vein,0.7274469590146168
cnn,65536,shuffle,fibroblast of lung,0.7117482620069352
cnn,65536,shuffle,keratinocyte,0.7273366506733258
cnn,65536,shuffle,stomach,0.7398687293682237
cnn,65536,shuffle,dermis microvascular lymphatic vessel endothelial cell,0.7105523763630436
cnn,65536,shuffle,tongue,0.7183777147245822
cnn,65536,shuffle,lung microvascular endothelial cell,0.6873575574085568
cnn,65536,shuffle,liver,0.6965400948672298
cnn,65536,shuffle,smooth muscle cell of the coronary artery,0.69853826637871
cnn,65536,shuffle,aortic smooth muscle cell,0.6860258580550258
cnn,65536,shuffle,cerebellum,0.7431204438076292
cnn,65536,shuffle,occipital lobe,0.7323171978630036
cnn,65536,shuffle,lung,0.7414175986760864
cnn,65536,shuffle,metanephros,0.7525921028293122
cnn,65536,shuffle,bronchial smooth muscle cell,0.6905287282422456
cnn,65536,shuffle,spinal cord,0.7414733118943257
cnn,65536,shuffle,parietal lobe,0.7154943315695115
cnn,65536,shuffle,diencephalon,0.7317297118290881
cnn,65536,shuffle,bronchial epithelial cell,0.7277171305003717
cnn,65536,shuffle,human nasal epithelial cells,0.7365700778443615
cnn,65536,shuffle,pulmonary artery endothelial cell,0.7288499963252321
cnn,65536,shuffle,regular cardiac myocyte,0.7172605916963611
cnn,65536,shuffle,endothelial cell of coronary artery,0.7178284838000564
cnn,65536,shuffle,skeletal muscle tissue,0.68648198717322
cnn,65536,shuffle,skin of body,0.726295752281771
cnn,65536,shuffle,frontal cortex,0.70837235550796
cnn,65536,shuffle,camera-type eye,0.7650092084386024
cnn,65536,shuffle,dermis lymphatic vessel endothelial cell,0.7049752912995291
cnn,65536,shuffle,smooth muscle cell of the umbilical artery,0.7088050728488519
cnn,65536,shuffle,tracheal epithelial cell,0.7375420846558846
cnn,65536,shuffle,smooth muscle cell of trachea,0.7236044517449295
cnn,65536,shuffle,renal cortical epithelial cell,0.7547922909839123
cnn,65536,shuffle,dermis blood vessel endothelial cell,0.7218976811754448
cnn,65536,shuffle,heart,0.7256708551690705
cnn,65536,shuffle,thyroid gland,0.6852650566651317
cnn,65536,shuffle,urinary bladder,0.7287997884794153
cnn,65536,shuffle,temporal lobe,0.7028316729649019
cnn,65536,shuffle,uterine smooth muscle cell,0.738190119222142
cnn,65536,shuffle,epithelial cell of umbilical artery,0.7277626019711566
cnn,65536,shuffle,smooth muscle cell of the pulmonary artery,0.6888208499872982
cnn,65536,shuffle,smooth muscle cell of bladder,0.6905850854974719
cnn,65536,shuffle,bladder microvascular endothelial cell,0.7167048384108426
cnn,65536,shuffle,uterus,0.7693115955961105
cnn,65536,shuffle,GM12878,0.7374527534161675
cnn,65536,shuffle,Universal_Human_Reference,0.7735950183252714
cnn,65536,shuffle,H1_Cell_Line,0.7188951504934767
cnn,65536,shuffle,H1_BMP4_Derived_Mesendoderm_Cultured_Cells,0.7337317933363912
cnn,65536,shuffle,H1_BMP4_Derived_Trophoblast_Cultured_Cells,0.6985684110080925
cnn,65536,shuffle,H1_Derived_Mesenchymal_Stem_Cells,0.6590695800652352
cnn,65536,shuffle,H1_Derived_Neuronal_Progenitor_Cultured_Cells,0.7661163284793994
cnn,65536,shuffle,hESC_Derived_CD184+_Endoderm_Cultured_Cells,0.7550390052847178
cnn,65536,shuffle,hESC_Derived_CD56+_Ectoderm_Cultured_Cells,0.7753539897496392
cnn,65536,shuffle,hESC_Derived_CD56+_Mesoderm_Cultured_Cells,0.7353488575576465
cnn,65536,shuffle,HUES64_Cell_Line,0.7484993389765832
cnn,65536,shuffle,4star,0.7284639928730251
cnn,65536,shuffle,Breast_Myoepithelial_Cells,0.6930365266950927
cnn,65536,shuffle,Breast_vHMEC,0.7221370620888685
cnn,65536,shuffle,CD4_Memory_Primary_Cells,0.6643383084414369
cnn,65536,shuffle,CD4_Naive_Primary_Cells,0.6454879498743968
cnn,65536,shuffle,CD8_Naive_Primary_Cells,0.6533148865075326
cnn,65536,shuffle,Mobilized_CD34_Primary_Cells_Female,0.7408399071098309
cnn,65536,shuffle,Neurosphere_Cultured_Cells_Cortex_Derived,0.7170062699415165
cnn,65536,shuffle,Neurosphere_Cultured_Cells_Ganglionic_Eminence_Derived,0.7268734193048287
cnn,65536,shuffle,Penis_Foreskin_Fibroblast_Primary_Cells_skin01,0.7148774290334591
cnn,65536,shuffle,Penis_Foreskin_Fibroblast_Primary_Cells_skin02,0.6864814338883176
cnn,65536,shuffle,Penis_Foreskin_Keratinocyte_Primary_Cells_skin02,0.6938127598300562
cnn,65536,shuffle,Penis_Foreskin_Keratinocyte_Primary_Cells_skin03,0.7253711987212479
cnn,65536,shuffle,Penis_Foreskin_Melanocyte_Primary_Cells_skin01,0.6773108734984609
cnn,65536,shuffle,Penis_Foreskin_Melanocyte_Primary_Cells_skin03,0.6992722333825033
cnn,65536,shuffle,Peripheral_Blood_Mononuclear_Primary_Cells,0.6437228971856342
cnn,65536,shuffle,Aorta,0.6425226100398366
cnn,65536,shuffle,Adult_Liver,0.6001339513759161
cnn,65536,shuffle,Brain_Germinal_Matrix,0.7134347697641416
cnn,65536,shuffle,Brain_Hippocampus_Middle,0.6746833295366829
cnn,65536,shuffle,Esophagus,0.6732893544782712
cnn,65536,shuffle,Fetal_Brain_Female,0.6641907234507315
cnn,65536,shuffle,Fetal_Intestine_Large,0.7134379137771225
cnn,65536,shuffle,Fetal_Intestine_Small,0.7053545724749067
cnn,65536,shuffle,Pancreatic_Islets,0.6969276320477242
cnn,65536,shuffle,Gastric,0.7099511790711824
cnn,65536,shuffle,Left_Ventricle,0.67724542690707
cnn,65536,shuffle,Lung.1,0.7009305283379532
cnn,65536,shuffle,Ovary.1,0.7067848910465485
cnn,65536,shuffle,Pancreas.1,0.7161981692953445
cnn,65536,shuffle,Psoas_Muscle,0.6643217534087748
cnn,65536,shuffle,Right_Atrium,0.6601732357974909
cnn,65536,shuffle,Right_Ventricle,0.6765707113819983
cnn,65536,shuffle,Sigmoid_Colon,0.689666154897968
cnn,65536,shuffle,Small_Intestine,0.6770050596662559
cnn,65536,shuffle,Thymus,0.7215780726194952
cnn,65536,shuffle,Spleen.1,0.6924740829306457
cnn,65536,shuffle,A549,0.7419481561646687
cnn,65536,shuffle,GM12878.1,0.7029171791434964
cnn,65536,shuffle,HELA,0.7269168091373817
cnn,65536,shuffle,HEPG2,0.6993232012232162
cnn,65536,shuffle,HMEC,0.7185603211545118
cnn,65536,shuffle,HSMM,0.7034095713916108
cnn,65536,shuffle,HUVEC,0.6923764930420372
cnn,65536,shuffle,K562.1,0.7269696476763857
cnn,65536,shuffle,NHEK,0.7093445358873597
cnn,65536,shuffle,NHLF,0.6857704217947447
cnn,65536,swap,Adipose_Subcutaneous,0.5613775013047668
cnn,65536,swap,Adipose_Visceral_Omentum,0.5479178682686022
cnn,65536,swap,Adrenal_Gland,0.5475733576296504
cnn,65536,swap,Artery_Aorta,0.5558823461061807
cnn,65536,swap,Artery_Coronary,0.5520936764406453
cnn,65536,swap,Artery_Tibial,0.5666686403202069
cnn,65536,swap,Bladder,0.5772930925332543
cnn,65536,swap,Brain_Amygdala,0.5727602124715766
cnn,65536,swap,Brain_Anterior_cingulate_cortex_BA24,0.5695963168296391
cnn,65536,swap,Brain_Caudate_basal_ganglia,0.5874793554141188
cnn,65536,swap,Brain_Cerebellar_Hemisphere,0.5759842365763554
cnn,65536,swap,Brain_Cerebellum,0.5708451786973507
cnn,65536,swap,Brain_Cortex,0.5597852207421623
cnn,65536,swap,Brain_Frontal_Cortex_BA9,0.5689857988170961
cnn,65536,swap,Brain_Hippocampus,0.5607469157459619
cnn,65536,swap,Brain_Hypothalamus,0.5826944103652231
cnn,65536,swap,Brain_Nucleus_accumbens_basal_ganglia,0.5819714557288447
cnn,65536,swap,Brain_Putamen_basal_ganglia,0.5549772655436953
cnn,65536,swap,Brain_Spinal_cord_cervical_c1,0.5758274267417037
cnn,65536,swap,Brain_Substantia_nigra,0.5547401168841843
cnn,65536,swap,Breast_Mammary_Tissue,0.57983381455394
cnn,65536,swap,Cells_EBV-transformed_lymphocytes,0.631791296198356
cnn,65536,swap,Cells_Transformed_fibroblasts,0.617258003360183
cnn,65536,swap,Cervix_Ectocervix,0.5536537397676418
cnn,65536,swap,Cervix_Endocervix,0.5906601316932222
cnn,65536,swap,Colon_Sigmoid,0.5738436119197539
cnn,65536,swap,Colon_Transverse,0.5374107495981562
cnn,65536,swap,Esophagus_Gastroesophageal_Junction,0.5650385136799697
cnn,65536,swap,Esophagus_Mucosa,0.5318153157241656
cnn,65536,swap,Esophagus_Muscularis,0.564142788372542
cnn,65536,swap,Fallopian_Tube,0.579208237380797
cnn,65536,swap,Heart_Atrial_Appendage,0.5265505143838481
cnn,65536,swap,Heart_Left_Ventricle,0.5092362596178069
cnn,65536,swap,Kidney_Cortex,0.5624660748312222
cnn,65536,swap,Liver,0.4905896554820441
cnn,65536,swap,Lung,0.5596432135845879
cnn,65536,swap,Minor_Salivary_Gland,0.5639192280719046
cnn,65536,swap,Muscle_Skeletal,0.5028409506519455
cnn,65536,swap,Nerve_Tibial,0.5799785351977342
cnn,65536,swap,Ovary,0.5852089162711495
cnn,65536,swap,Pancreas,0.5559953539784597
cnn,65536,swap,Pituitary,0.6125351752533604
cnn,65536,swap,Prostate,0.5714913726072385
cnn,65536,swap,Skin_Not_Sun_Exposed_Suprapubic,0.5289654580974317
cnn,65536,swap,Skin_Sun_Exposed_Lower_leg,0.5445481880830609
cnn,65536,swap,Small_Intestine_Terminal_Ileum,0.5201445217341828
cnn,65536,swap,Spleen,0.5260951156960448
cnn,65536,swap,Stomach,0.5685337847834985
cnn,65536,swap,Testis,0.5479757993083996
cnn,65536,swap,Thyroid,0.5759858970614445
cnn,65536,swap,Uterus,0.5891979993086147
cnn,65536,swap,Vagina,0.5665501871357563
cnn,65536,swap,Whole_Blood,0.3810819968830107
cnn,65536,swap,cardiac ventricle fibroblast,0.6077251849765749
cnn,65536,swap,hair follicular keratinocyte,0.6288476288530117
cnn,65536,swap,airway epithelial cell,0.6369266364454407
cnn,65536,swap,epithelial cell of proximal tubule,0.6776257509483846
cnn,65536,swap,pericardium fibroblast,0.6085052687044021
cnn,65536,swap,mesangial cell,0.6400519313334316
cnn,65536,swap,bronchial fibroblast,0.6525964570853167
cnn,65536,swap,glomerular endothelial cell,0.6338432793557691
cnn,65536,swap,kidney epithelial cell,0.6861946556379439
cnn,65536,swap,mammary microvascular endothelial cell,0.6415231076895748
cnn,65536,swap,epithelial cell of alveolus of lung,0.6297144021022324
cnn,65536,swap,myometrial cell,0.6224066065619157
cnn,65536,swap,cardiac atrium fibroblast,0.6211494367507028
cnn,65536,swap,endometrial microvascular endothelial cell,0.6501755798032658
cnn,65536,swap,smooth muscle cell,0.6812573976611606
cnn,65536,swap,hepatocyte,0.6860325022242786
cnn,65536,swap,neural progenitor cell,0.721801434676523
cnn,65536,swap,HT1080,0.6658514208043198
cnn,65536,swap,SK-N-DZ,0.6920421336148637
cnn,65536,swap,SK-MEL-5,0.6602320889230816
cnn,65536,swap,NCI-H460,0.6650050067688518
cnn,65536,swap,astrocyte,0.6406825686287327
cnn,65536,swap,LHCN-M2,0.6694022388479917
cnn,65536,swap,K562,0.6452940573923832
cnn,65536,swap,HepG2,0.6844912490368684
cnn,65536,swap,MCF-7,0.6803726529161461
cnn,65536,swap,bipolar spindle neuron,0.6672987325831402
cnn,65536,swap,skeletal muscle myoblast,0.6487304846069686
cnn,65536,swap,myotube,0.6191696540662603
cnn,65536,swap,H7-hESC,0.6625467676707594
cnn,65536,swap,RPMI-7951,0.6762674041979287
cnn,65536,swap,M059J,0.6742403546337766
cnn,65536,swap,H4,0.6868095315636836
cnn,65536,swap,MG63,0.6615811716831367
cnn,65536,swap,G401,0.6484627397339953
cnn,65536,swap,Caki2,0.6551259578965569
cnn,65536,swap,SJSA1,0.6842954364282591
cnn,65536,swap,Daoy,0.6906459743053205
cnn,65536,swap,A172,0.6770517335098366
cnn,65536,swap,induced pluripotent stem cell,0.6903686166357669
cnn,65536,swap,fibroblast of arm,0.6320117159919243
cnn,65536,swap,A375,0.6644002911733794
cnn,65536,swap,HT-29,0.5603674914384464
cnn,65536,swap,PC-3,0.6149473446859516
cnn,65536,swap,Karpas-422,0.6298959129641292
cnn,65536,swap,Oci-Ly-7,0.6453574464342664
cnn,65536,swap,SJCRH30,0.7017991129094737
cnn,65536,swap,neural cell,0.6773310023862508
cnn,65536,swap,umbilical cord,0.6593788242777638
cnn,65536,swap,pericyte cell,0.6506637785480299
cnn,65536,swap,melanocyte of skin,0.6718591862523833
cnn,65536,swap,placental epithelial cell,0.630839059791088
cnn,65536,swap,hair follicle dermal papilla cell,0.6380511681857723
cnn,65536,swap,hematopoietic multipotent progenitor cell,0.6020487076005325
cnn,65536,swap,vein endothelial cell,0.6477671261449699
cnn,65536,swap,osteoblast,0.6409604925465401
cnn,65536,swap,articular chondrocyte of knee joint,0.6678530437274275
cnn,65536,swap,thoracic aorta endothelial cell,0.6767466132330182
cnn,65536,swap,fibroblast of the aortic adventitia,0.6695775993684462
cnn,65536,swap,skeletal muscle satellite cell,0.6534433033440182
cnn,65536,swap,fibroblast of dermis,0.6652095187783484
cnn,65536,swap,mammary epithelial cell,0.6520835491452538
cnn,65536,swap,subcutaneous preadipocyte,0.6474582789800017
cnn,65536,swap,fibroblast of villous mesenchyme,0.6509749642446749
cnn,65536,swap,endothelial cell of umbilical vein,0.6021564086438016
cnn,65536,swap,fibroblast of lung,0.654817303411832
cnn,65536,swap,keratinocyte,0.6426491678704608
cnn,65536,swap,stomach,0.7005803336797032
cnn,65536,swap,dermis microvascular lymphatic vessel endothelial cell,0.631177644599695
cnn,65536,swap,tongue,0.6638751704558546
cnn,65536,swap,lung microvascular endothelial cell,0.61898935663895
cnn,65536,swap,liver,0.6281669559938627
cnn,65536,swap,smooth muscle cell of the coronary artery,0.6291174733972072
cnn,65536,swap,aortic smooth muscle cell,0.6283389317931644
cnn,65536,swap,cerebellum,0.726106342103798
cnn,65536,swap,occipital lobe,0.7129768799125091
cnn,65536,swap,lung,0.6994886890772868
cnn,65536,swap,metanephros,0.6873494073048785
cnn,65536,swap,bronchial smooth muscle cell,0.6130654973527491
cnn,65536,swap,spinal cord,0.7220299853703309
cnn,65536,swap,parietal lobe,0.6909614251754994
cnn,65536,swap,diencephalon,0.7164912970999223
cnn,65536,swap,bronchial epithelial cell,0.6422625383618638
cnn,65536,swap,human nasal epithelial cells,0.6615660781235306
cnn,65536,swap,pulmonary artery endothelial cell,0.6431028500940618
cnn,65536,swap,regular cardiac myocyte,0.661522523245136
cnn,65536,swap,endothelial cell of coronary artery,0.6362072887244444
cnn,65536,swap,skeletal muscle tissue,0.6485969833740474
cnn,65536,swap,skin of body,0.6817329420646355
cnn,65536,swap,frontal cortex,0.6882686537646635
cnn,65536,swap,camera-type eye,0.7305694250138078
cnn,65536,swap,dermis lymphatic vessel endothelial cell,0.6367531194854197
cnn,65536,swap,smooth muscle cell of the umbilical artery,0.646055602995986
cnn,65536,swap,tracheal epithelial cell,0.6507124802625677
cnn,65536,swap,smooth muscle cell of trachea,0.657427031437413
cnn,65536,swap,renal cortical epithelial cell,0.6875966571761968
cnn,65536,swap,dermis blood vessel endothelial cell,0.6433586138423261
cnn,65536,swap,heart,0.6939407579307189
cnn,65536,swap,thyroid gland,0.630501927551806
cnn,65536,swap,urinary bladder,0.6966760640364689
cnn,65536,swap,temporal lobe,0.6835380385563682
cnn,65536,swap,uterine smooth muscle cell,0.6707687756351041
cnn,65536,swap,epithelial cell of umbilical artery,0.6500800525885043
cnn,65536,swap,smooth muscle cell of the pulmonary artery,0.6249204138804482
cnn,65536,swap,smooth muscle cell of bladder,0.634254651671861
cnn,65536,swap,bladder microvascular endothelial cell,0.6378815023566791
cnn,65536,swap,uterus,0.7294498709950139
cnn,65536,swap,GM12878,0.6485064914163602
cnn,65536,swap,Universal_Human_Reference,0.6721761616301979
cnn,65536,swap,H1_Cell_Line,0.6378391148618346
cnn,65536,swap,H1_BMP4_Derived_Mesendoderm_Cultured_Cells,0.6648023242539435
cnn,65536,swap,H1_BMP4_Derived_Trophoblast_Cultured_Cells,0.615652025350817
cnn,65536,swap,H1_Derived_Mesenchymal_Stem_Cells,0.584742785466973
cnn,65536,swap,H1_Derived_Neuronal_Progenitor_Cultured_Cells,0.6937997639564916
cnn,65536,swap,hESC_Derived_CD184+_Endoderm_Cultured_Cells,0.6785581026413999
cnn,65536,swap,hESC_Derived_CD56+_Ectoderm_Cultured_Cells,0.6886877923667245
cnn,65536,swap,hESC_Derived_CD56+_Mesoderm_Cultured_Cells,0.6680815407710533
cnn,65536,swap,HUES64_Cell_Line,0.6722498041801354
cnn,65536,swap,4star,0.6215852275875098
cnn,65536,swap,Breast_Myoepithelial_Cells,0.6023655214418872
cnn,65536,swap,Breast_vHMEC,0.6450889818853471
cnn,65536,swap,CD4_Memory_Primary_Cells,0.578500396152376
cnn,65536,swap,CD4_Naive_Primary_Cells,0.5503645476330806
cnn,65536,swap,CD8_Naive_Primary_Cells,0.5555315356579678
cnn,65536,swap,Mobilized_CD34_Primary_Cells_Female,0.6679571230869061
cnn,65536,swap,Neurosphere_Cultured_Cells_Cortex_Derived,0.6219145059590165
cnn,65536,swap,Neurosphere_Cultured_Cells_Ganglionic_Eminence_Derived,0.6429230244919235
cnn,65536,swap,Penis_Foreskin_Fibroblast_Primary_Cells_skin01,0.611342657006187
cnn,65536,swap,Penis_Foreskin_Fibroblast_Primary_Cells_skin02,0.5407907102592767
cnn,65536,swap,Penis_Foreskin_Keratinocyte_Primary_Cells_skin02,0.520447924277835
cnn,65536,swap,Penis_Foreskin_Keratinocyte_Primary_Cells_skin03,0.6319231174614547
cnn,65536,swap,Penis_Foreskin_Melanocyte_Primary_Cells_skin01,0.4909757060847017
cnn,65536,swap,Penis_Foreskin_Melanocyte_Primary_Cells_skin03,0.581576519485864
cnn,65536,swap,Peripheral_Blood_Mononuclear_Primary_Cells,0.534136985417932
cnn,65536,swap,Aorta,0.5801524022070865
cnn,65536,swap,Adult_Liver,0.5225512140100211
cnn,65536,swap,Brain_Germinal_Matrix,0.6307074376433025
cnn,65536,swap,Brain_Hippocampus_Middle,0.6091808088057037
cnn,65536,swap,Esophagus,0.5456663853955426
cnn,65536,swap,Fetal_Brain_Female,0.5852116632277329
cnn,65536,swap,Fetal_Intestine_Large,0.6341938455222542
cnn,65536,swap,Fetal_Intestine_Small,0.6198135718000264
cnn,65536,swap,Pancreatic_Islets,0.6243864013594469
cnn,65536,swap,Gastric,0.5849217300633849
cnn,65536,swap,Left_Ventricle,0.5761101973974573
cnn,65536,swap,Lung.1,0.5775354362430011
cnn,65536,swap,Ovary.1,0.6149453690009712
cnn,65536,swap,Pancreas.1,0.5411003951589043
cnn,65536,swap,Psoas_Muscle,0.5861388277816174
cnn,65536,swap,Right_Atrium,0.567415008243185
cnn,65536,swap,Right_Ventricle,0.5604693226866473
cnn,65536,swap,Sigmoid_Colon,0.5378279195569069
cnn,65536,swap,Small_Intestine,0.5441596986083673
cnn,65536,swap,Thymus,0.6190156126894825
cnn,65536,swap,Spleen.1,0.5569322155793586
cnn,65536,swap,A549,0.6776153943819276
cnn,65536,swap,GM12878.1,0.667167347284681
cnn,65536,swap,HELA,0.6665977843667269
cnn,65536,swap,HEPG2,0.5935613017935518
cnn,65536,swap,HMEC,0.6194261406007507
cnn,65536,swap,HSMM,0.6367050820781812
cnn,65536,swap,HUVEC,0.5528395746364384
cnn,65536,swap,K562.1,0.6406182271653288
cnn,65536,swap,NHEK,0.6336439340710887
cnn,65536,swap,NHLF,0.6416817203407473
fno,65536,intact,Adipose_Subcutaneous,0.6642413542731962
fno,65536,intact,Adipose_Visceral_Omentum,0.6513095460961712
fno,65536,intact,Adrenal_Gland,0.6592738469730252
fno,65536,intact,Artery_Aorta,0.6539755670680552
fno,65536,intact,Artery_Coronary,0.6546023171267277
fno,65536,intact,Artery_Tibial,0.6655376954007974
fno,65536,intact,Bladder,0.7046747009909159
fno,65536,intact,Brain_Amygdala,0.647885624497409
fno,65536,intact,Brain_Anterior_cingulate_cortex_BA24,0.64977663400509
fno,65536,intact,Brain_Caudate_basal_ganglia,0.6631585098560745
fno,65536,intact,Brain_Cerebellar_Hemisphere,0.6608165398915048
fno,65536,intact,Brain_Cerebellum,0.665337534434303
fno,65536,intact,Brain_Cortex,0.6522618361886261
fno,65536,intact,Brain_Frontal_Cortex_BA9,0.6496580443922744
fno,65536,intact,Brain_Hippocampus,0.6487719893002059
fno,65536,intact,Brain_Hypothalamus,0.6667775394328848
fno,65536,intact,Brain_Nucleus_accumbens_basal_ganglia,0.6634761726584607
fno,65536,intact,Brain_Putamen_basal_ganglia,0.646865859769845
fno,65536,intact,Brain_Spinal_cord_cervical_c1,0.660882051589376
fno,65536,intact,Brain_Substantia_nigra,0.6508711557704832
fno,65536,intact,Breast_Mammary_Tissue,0.6860923472730406
fno,65536,intact,Cells_EBV-transformed_lymphocytes,0.7217956500243871
fno,65536,intact,Cells_Transformed_fibroblasts,0.701595997702956
fno,65536,intact,Cervix_Ectocervix,0.6824513551799503
fno,65536,intact,Cervix_Endocervix,0.7097437454190362
fno,65536,intact,Colon_Sigmoid,0.6860107274878842
fno,65536,intact,Colon_Transverse,0.6800144332356473
fno,65536,intact,Esophagus_Gastroesophageal_Junction,0.6887707309761564
fno,65536,intact,Esophagus_Mucosa,0.6604604384143576
fno,65536,intact,Esophagus_Muscularis,0.6913567828696344
fno,65536,intact,Fallopian_Tube,0.6960026736738291
fno,65536,intact,Heart_Atrial_Appendage,0.6372049785218673
fno,65536,intact,Heart_Left_Ventricle,0.6229250976812896
fno,65536,intact,Kidney_Cortex,0.6806785113386589
fno,65536,intact,Liver,0.6005116572511647
fno,65536,intact,Lung,0.6691430457028216
fno,65536,intact,Minor_Salivary_Gland,0.6826036299660729
fno,65536,intact,Muscle_Skeletal,0.6094493913920868
fno,65536,intact,Nerve_Tibial,0.6888024174498796
fno,65536,intact,Ovary,0.6950378920803725
fno,65536,intact,Pancreas,0.6733729800092106
fno,65536,intact,Pituitary,0.72528331512018
fno,65536,intact,Prostate,0.7077618363782238
fno,65536,intact,Skin_Not_Sun_Exposed_Suprapubic,0.6646189777714625
fno,65536,intact,Skin_Sun_Exposed_Lower_leg,0.6618277434041415
fno,65536,intact,Small_Intestine_Terminal_Ileum,0.6529155726038551
fno,65536,intact,Spleen,0.6763524341429857
fno,65536,intact,Stomach,0.6872975810244671
fno,65536,intact,Testis,0.6677498837549617
fno,65536,intact,Thyroid,0.6818180537569668
fno,65536,intact,Uterus,0.710237527118959
fno,65536,intact,Vagina,0.6782421658619047
fno,65536,intact,Whole_Blood,0.5294710463973928
fno,65536,intact,cardiac ventricle fibroblast,0.7054203886218359
fno,65536,intact,hair follicular keratinocyte,0.7633280259206835
fno,65536,intact,airway epithelial cell,0.7646394286152914
fno,65536,intact,epithelial cell of proximal tubule,0.7920757504769776
fno,65536,intact,pericardium fibroblast,0.7119531502955105
fno,65536,intact,mesangial cell,0.7705672625809292
fno,65536,intact,bronchial fibroblast,0.7611598061745003
fno,65536,intact,glomerular endothelial cell,0.7382700713570611
fno,65536,intact,kidney epithelial cell,0.7964304565691326
fno,65536,intact,mammary microvascular endothelial cell,0.7466668878087245
fno,65536,intact,epithelial cell of alveolus of lung,0.7385107958461458
fno,65536,intact,myometrial cell,0.7304407618054234
fno,65536,intact,cardiac atrium fibroblast,0.7267969620122002
fno,65536,intact,endometrial microvascular endothelial cell,0.7573233986508571
fno,65536,intact,smooth muscle cell,0.7452353643478249
fno,65536,intact,hepatocyte,0.7557866067853808
fno,65536,intact,neural progenitor cell,0.7986067565373348
fno,65536,intact,HT1080,0.7730681024536251
fno,65536,intact,SK-N-DZ,0.7861670298207771
fno,65536,intact,SK-MEL-5,0.7706324544496793
fno,65536,intact,NCI-H460,0.7757031957505158
fno,65536,intact,astrocyte,0.7395475249143791
fno,65536,intact,LHCN-M2,0.7700326785951238
fno,65536,intact,K562,0.7465590886513068
fno,65536,intact,HepG2,0.7552808333365025
fno,65536,intact,MCF-7,0.770582115571179
fno,65536,intact,bipolar spindle neuron,0.7477463801772735
fno,65536,intact,skeletal muscle myoblast,0.7365523885921954
fno,65536,intact,myotube,0.7209341841257402
fno,65536,intact,H7-hESC,0.7787074343669845
fno,65536,intact,RPMI-7951,0.7509584252059524
fno,65536,intact,M059J,0.7552735490676836
fno,65536,intact,H4,0.7540083147358123
fno,65536,intact,MG63,0.7649643138290886
fno,65536,intact,G401,0.754090211516219
fno,65536,intact,Caki2,0.7575394038314661
fno,65536,intact,SJSA1,0.7724328814717584
fno,65536,intact,Daoy,0.7803856256795892
fno,65536,intact,A172,0.7727306956177061
fno,65536,intact,induced pluripotent stem cell,0.7943744614387152
fno,65536,intact,fibroblast of arm,0.7246457071128968
fno,65536,intact,A375,0.7741979990442237
fno,65536,intact,HT-29,0.721852163012573
fno,65536,intact,PC-3,0.7639479735711889
fno,65536,intact,Karpas-422,0.7337686867680793
fno,65536,intact,Oci-Ly-7,0.7608718539235676
fno,65536,intact,SJCRH30,0.7589825867214074
fno,65536,intact,neural cell,0.7276381361716613
fno,65536,intact,umbilical cord,0.7191633311305861
fno,65536,intact,pericyte cell,0.739880911147167
fno,65536,intact,melanocyte of skin,0.7611088709028456
fno,65536,intact,placental epithelial cell,0.7427750538195276
fno,65536,intact,hair follicle dermal papilla cell,0.7190160454364837
fno,65536,intact,hematopoietic multipotent progenitor cell,0.7272584650033256
fno,65536,intact,vein endothelial cell,0.7424243685680726
fno,65536,intact,osteoblast,0.720960510805381
fno,65536,intact,articular chondrocyte of knee joint,0.7302695225178927
fno,65536,intact,thoracic aorta endothelial cell,0.7608420430395518
fno,65536,intact,fibroblast of the aortic adventitia,0.73849252711516
fno,65536,intact,skeletal muscle satellite cell,0.748613926433293
fno,65536,intact,fibroblast of dermis,0.735411275737885
fno,65536,intact,mammary epithelial cell,0.7672270471850617
fno,65536,intact,subcutaneous preadipocyte,0.7466146208105037
fno,65536,intact,fibroblast of villous mesenchyme,0.7339991278947288
fno,65536,intact,endothelial cell of umbilical vein,0.7340025883961658
fno,65536,intact,fibroblast of lung,0.7225489663892013
fno,65536,intact,keratinocyte,0.739885875866488
fno,65536,intact,stomach,0.7507740693524649
fno,65536,intact,dermis microvascular lymphatic vessel endothelial cell,0.7283038319336631
fno,65536,intact,tongue,0.738320554635755
fno,65536,intact,lung microvascular endothelial cell,0.7052218034061911
fno,65536,intact,liver,0.7104079673917255
fno,65536,intact,smooth muscle cell of the coronary artery,0.713794193584938
fno,65536,intact,aortic smooth muscle cell,0.7033460931603969
fno,65536,intact,cerebellum,0.7382717956854092
fno,65536,intact,occipital lobe,0.7363388156173553
fno,65536,intact,lung,0.7618448435755708
fno,65536,intact,metanephros,0.7742890618215333
fno,65536,intact,bronchial smooth muscle cell,0.705112739850732
fno,65536,intact,spinal cord,0.7385693445005189
fno,65536,intact,parietal lobe,0.7201835158869723
fno,65536,intact,diencephalon,0.7266298288371695
fno,65536,intact,bronchial epithelial cell,0.742028168898254
fno,65536,intact,human nasal epithelial cells,0.7519981581703691
fno,65536,intact,pulmonary artery endothelial cell,0.7478639824187945
fno,65536,intact,regular cardiac myocyte,0.7325468659373935
fno,65536,intact,endothelial cell of coronary artery,0.7378316740537173
fno,65536,intact,skeletal muscle tissue,0.6963362491758391
fno,65536,intact,skin of body,0.7401936063120269
fno,65536,intact,frontal cortex,0.7040865190057056
fno,65536,intact,camera-type eye,0.7738654074442347
fno,65536,intact,dermis lymphatic vessel endothelial cell,0.7211478727512208
fno,65536,intact,smooth muscle cell of the umbilical artery,0.728552360962115
fno,65536,intact,tracheal epithelial cell,0.7557398433288225
fno,65536,intact,smooth muscle cell of trachea,0.7443761091953122
fno,65536,intact,renal cortical epithelial cell,0.7815384849803454
fno,65536,intact,dermis blood vessel endothelial cell,0.7406840581519504
fno,65536,intact,heart,0.7300927899279444
fno,65536,intact,thyroid gland,0.700402158633083
fno,65536,intact,urinary bladder,0.7369591359966493
fno,65536,intact,temporal lobe,0.7004167796725658
fno,65536,intact,uterine smooth muscle cell,0.7569250173511556
fno,65536,intact,epithelial cell of umbilical artery,0.7467285964340379
fno,65536,intact,smooth muscle cell of the pulmonary artery,0.7070893236105181
fno,65536,intact,smooth muscle cell of bladder,0.7011551351381461
fno,65536,intact,bladder microvascular endothelial cell,0.7345574745893534
fno,65536,intact,uterus,0.7820352609957634
fno,65536,intact,GM12878,0.7471261308916656
fno,65536,intact,Universal_Human_Reference,0.7796897645235413
fno,65536,intact,H1_Cell_Line,0.734452387770819
fno,65536,intact,H1_BMP4_Derived_Mesendoderm_Cultured_Cells,0.7452032046565714
fno,65536,intact,H1_BMP4_Derived_Trophoblast_Cultured_Cells,0.7207945406290398
fno,65536,intact,H1_Derived_Mesenchymal_Stem_Cells,0.6668508261257711
fno,65536,intact,H1_Derived_Neuronal_Progenitor_Cultured_Cells,0.7739075788922372
fno,65536,intact,hESC_Derived_CD184+_Endoderm_Cultured_Cells,0.7662224665095853
fno,65536,intact,hESC_Derived_CD56+_Ectoderm_Cultured_Cells,0.7882781293794654
fno,65536,intact,hESC_Derived_CD56+_Mesoderm_Cultured_Cells,0.7488816501758432
fno,65536,intact,HUES64_Cell_Line,0.7640923633864896
fno,65536,intact,4star,0.7446637683385863
fno,65536,intact,Breast_Myoepithelial_Cells,0.7198927157992316
fno,65536,intact,Breast_vHMEC,0.7370687559757624
fno,65536,intact,CD4_Memory_Primary_Cells,0.6901284591076163
fno,65536,intact,CD4_Naive_Primary_Cells,0.6653882790548603
fno,65536,intact,CD8_Naive_Primary_Cells,0.6731853475214015
fno,65536,intact,Mobilized_CD34_Primary_Cells_Female,0.7547531679798697
fno,65536,intact,Neurosphere_Cultured_Cells_Cortex_Derived,0.7320459680476604
fno,65536,intact,Neurosphere_Cultured_Cells_Ganglionic_Eminence_Derived,0.7391263373061295
fno,65536,intact,Penis_Foreskin_Fibroblast_Primary_Cells_skin01,0.7320815756138953
fno,65536,intact,Penis_Foreskin_Fibroblast_Primary_Cells_skin02,0.6898930326596081
fno,65536,intact,Penis_Foreskin_Keratinocyte_Primary_Cells_skin02,0.6998271174634404
fno,65536,intact,Penis_Foreskin_Keratinocyte_Primary_Cells_skin03,0.7402062361146028
fno,65536,intact,Penis_Foreskin_Melanocyte_Primary_Cells_skin01,0.6731830829152364
fno,65536,intact,Penis_Foreskin_Melanocyte_Primary_Cells_skin03,0.7122173533446339
fno,65536,intact,Peripheral_Blood_Mononuclear_Primary_Cells,0.6632086859642342
fno,65536,intact,Aorta,0.6483186656250841
fno,65536,intact,Adult_Liver,0.6067621245313695
fno,65536,intact,Brain_Germinal_Matrix,0.7155356898609625
fno,65536,intact,Brain_Hippocampus_Middle,0.6868728986549284
fno,65536,intact,Esophagus,0.6824283186343654
fno,65536,intact,Fetal_Brain_Female,0.6670173528850559
fno,65536,intact,Fetal_Intestine_Large,0.7223528392103072
fno,65536,intact,Fetal_Intestine_Small,0.7114511132905249
fno,65536,intact,Pancreatic_Islets,0.7076014500395692
fno,65536,intact,Gastric,0.7198021008988494
fno,65536,intact,Left_Ventricle,0.6858291297421064
fno,65536,intact,Lung.1,0.7047748935953365
fno,65536,intact,Ovary.1,0.7165244786977668
fno,65536,intact,Pancreas.1,0.7150556813856861
fno,65536,intact,Psoas_Muscle,0.6713958022721532
fno,65536,intact,Right_Atrium,0.6698064075713138
fno,65536,intact,Right_Ventricle,0.6790536753178121
fno,65536,intact,Sigmoid_Colon,0.6958662908081936
fno,65536,intact,Small_Intestine,0.6770249122309666
fno,65536,intact,Thymus,0.7346917638946796
fno,65536,intact,Spleen.1,0.7008927513988485
fno,65536,intact,A549,0.7468841871670677
fno,65536,intact,GM12878.1,0.701885094457404
fno,65536,intact,HELA,0.7231945981996093
fno,65536,intact,HEPG2,0.6961414850329201
fno,65536,intact,HMEC,0.7346524881826527
fno,65536,intact,HSMM,0.7175529732474826
fno,65536,intact,HUVEC,0.697556878637938
fno,65536,intact,K562.1,0.7354366391283772
fno,65536,intact,NHEK,0.7245221685090124
fno,65536,intact,NHLF,0.6926361957789545
fno,65536,mask,Adipose_Subcutaneous,0.6211590107258699
fno,65536,mask,Adipose_Visceral_Omentum,0.5907929600317101
fno,65536,mask,Adrenal_Gland,0.6038026936558848
fno,65536,mask,Artery_Aorta,0.5989566892681379
fno,65536,mask,Artery_Coronary,0.6057457283009713
fno,65536,mask,Artery_Tibial,0.6225333560705234
fno,65536,mask,Bladder,0.6444788636388247
fno,65536,mask,Brain_Amygdala,0.612284614046044
fno,65536,mask,Brain_Anterior_cingulate_cortex_BA24,0.6201747579981077
fno,65536,mask,Brain_Caudate_basal_ganglia,0.6322642879518862
fno,65536,mask,Brain_Cerebellar_Hemisphere,0.6209894693303486
fno,65536,mask,Brain_Cerebellum,0.6226531162417047
fno,65536,mask,Brain_Cortex,0.6076011335086308
fno,65536,mask,Brain_Frontal_Cortex_BA9,0.6173923587745044
fno,65536,mask,Brain_Hippocampus,0.6117847861076867
fno,65536,mask,Brain_Hypothalamus,0.6358349460095286
fno,65536,mask,Brain_Nucleus_accumbens_basal_ganglia,0.6340190381495023
fno,65536,mask,Brain_Putamen_basal_ganglia,0.6124104817489665
fno,65536,mask,Brain_Spinal_cord_cervical_c1,0.6194611865245236
fno,65536,mask,Brain_Substantia_nigra,0.6102809762679403
fno,65536,mask,Breast_Mammary_Tissue,0.6330431292303021
fno,65536,mask,Cells_EBV-transformed_lymphocytes,0.6791979079741551
fno,65536,mask,Cells_Transformed_fibroblasts,0.6643075657388596
fno,65536,mask,Cervix_Ectocervix,0.6205933325853975
fno,65536,mask,Cervix_Endocervix,0.6574503511181993
fno,65536,mask,Colon_Sigmoid,0.6225430442407419
fno,65536,mask,Colon_Transverse,0.6096095923774097
fno,65536,mask,Esophagus_Gastroesophageal_Junction,0.626282683204146
fno,65536,mask,Esophagus_Mucosa,0.5915517791904231
fno,65536,mask,Esophagus_Muscularis,0.6254485563588735
fno,65536,mask,Fallopian_Tube,0.6298455703738357
fno,65536,mask,Heart_Atrial_Appendage,0.5833170853751201
fno,65536,mask,Heart_Left_Ventricle,0.5684027917641025
fno,65536,mask,Kidney_Cortex,0.6092260063306623
fno,65536,mask,Liver,0.5266294655710756
fno,65536,mask,Lung,0.6062106655598692
fno,65536,mask,Minor_Salivary_Gland,0.6207875929862098
fno,65536,mask,Muscle_Skeletal,0.5522455907676519
fno,65536,mask,Nerve_Tibial,0.6286412149395285
fno,65536,mask,Ovary,0.6389582176454094
fno,65536,mask,Pancreas,0.594836811533122
fno,65536,mask,Pituitary,0.6593770579742877
fno,65536,mask,Prostate,0.635065257830521
fno,65536,mask,Skin_Not_Sun_Exposed_Suprapubic,0.5885978849386243
fno,65536,mask,Skin_Sun_Exposed_Lower_leg,0.5826631248102708
fno,65536,mask,Small_Intestine_Terminal_Ileum,0.582431807791814
fno,65536,mask,Spleen,0.593644302458748
fno,65536,mask,Stomach,0.6261771864020512
fno,65536,mask,Testis,0.6037116431461235
fno,65536,mask,Thyroid,0.6153085802217121
fno,65536,mask,Uterus,0.6537255171277581
fno,65536,mask,Vagina,0.6203525953646284
fno,65536,mask,Whole_Blood,0.4403404873829026
fno,65536,mask,cardiac ventricle fibroblast,0.6673061106072812
fno,65536,mask,hair follicular keratinocyte,0.7015715021559302
fno,65536,mask,airway epithelial cell,0.6945229776320055
fno,65536,mask,epithelial cell of proximal tubule,0.7426981922226572
fno,65536,mask,pericardium fibroblast,0.6718269407143466
fno,65536,mask,mesangial cell,0.7127236647905484
fno,65536,mask,bronchial fibroblast,0.7138629557014037
fno,65536,mask,glomerular endothelial cell,0.6890248166694141
fno,65536,mask,kidney epithelial cell,0.7544828084027614
fno,65536,mask,mammary microvascular endothelial cell,0.7015616834781649
fno,65536,mask,epithelial cell of alveolus of lung,0.696406946663262
fno,65536,mask,myometrial cell,0.6847482805105938
fno,65536,mask,cardiac atrium fibroblast,0.6866476514148209
fno,65536,mask,endometrial microvascular endothelial cell,0.708155487681402
fno,65536,mask,smooth muscle cell,0.7331433147901744
fno,65536,mask,hepatocyte,0.7343892438502156
fno,65536,mask,neural progenitor cell,0.7814465403040302
fno,65536,mask,HT1080,0.7265948633539727
fno,65536,mask,SK-N-DZ,0.739507595274699
fno,65536,mask,SK-MEL-5,0.7171619250791412
fno,65536,mask,NCI-H460,0.7182855910170062
fno,65536,mask,astrocyte,0.6860705327553136
fno,65536,mask,LHCN-M2,0.7293229680531049
fno,65536,mask,K562,0.692083057571184
fno,65536,mask,HepG2,0.7348659411597233
fno,65536,mask,MCF-7,0.7451822480876782
fno,65536,mask,bipolar spindle neuron,0.725799001102447
fno,65536,mask,skeletal muscle myoblast,0.7059023224192748
fno,65536,mask,myotube,0.684680605974943
fno,65536,mask,H7-hESC,0.7102808483951591
fno,65536,mask,RPMI-7951,0.7290020717740046
fno,65536,mask,M059J,0.7254726718156753
fno,65536,mask,H4,0.7356575727984721
fno,65536,mask,MG63,0.7165002621452333
fno,65536,mask,G401,0.7093413176524089
fno,65536,mask,Caki2,0.7178313706552698
fno,65536,mask,SJSA1,0.7428313333321315
fno,65536,mask,Daoy,0.7546318069443645
fno,65536,mask,A172,0.7346441305775251
fno,65536,mask,induced pluripotent stem cell,0.7475454054323104
fno,65536,mask,fibroblast of arm,0.6773524847255472
fno,65536,mask,A375,0.7219369347255652
fno,65536,mask,HT-29,0.6332289058970174
fno,65536,mask,PC-3,0.6783116745296861
fno,65536,mask,Karpas-422,0.6881394237881068
fno,65536,mask,Oci-Ly-7,0.6973143808448019
fno,65536,mask,SJCRH30,0.7462997978839857
fno,65536,mask,neural cell,0.7123263349684251
fno,65536,mask,umbilical cord,0.707135315541587
fno,65536,mask,pericyte cell,0.7087066672974771
fno,65536,mask,melanocyte of skin,0.720248927947171
fno,65536,mask,placental epithelial cell,0.6882969954722329
fno,65536,mask,hair follicle dermal papilla cell,0.6830149434969739
fno,65536,mask,hematopoietic multipotent progenitor cell,0.6539208634887897
fno,65536,mask,vein endothelial cell,0.6984570915333054
fno,65536,mask,osteoblast,0.6943847040962803
fno,65536,mask,articular chondrocyte of knee joint,0.7154561285216318
fno,65536,mask,thoracic aorta endothelial cell,0.738817232950027
fno,65536,mask,fibroblast of the aortic adventitia,0.726579742329211
fno,65536,mask,skeletal muscle satellite cell,0.7113546977064874
fno,65536,mask,fibroblast of dermis,0.7065098688417085
fno,65536,mask,mammary epithelial cell,0.7150643881390518
fno,65536,mask,subcutaneous preadipocyte,0.7148210840182435
fno,65536,mask,fibroblast of villous mesenchyme,0.7101642008165888
fno,65536,mask,endothelial cell of umbilical vein,0.6678978546428178
fno,65536,mask,fibroblast of lung,0.709586390099931
fno,65536,mask,keratinocyte,0.6938913147749332
fno,65536,mask,stomach,0.7413499529924003
fno,65536,mask,dermis microvascular lymphatic vessel endothelial cell,0.6912981387868532
fno,65536,mask,tongue,0.7184128861888405
fno,65536,mask,lung microvascular endothelial cell,0.6673033719998379
fno,65536,mask,liver,0.6769447112348571
fno,65536,mask,smooth muscle cell of the coronary artery,0.6889283024521679
fno,65536,mask,aortic smooth muscle cell,0.6808485712849398
fno,65536,mask,cerebellum,0.7486916781931859
fno,65536,mask,occipital lobe,0.750296323291655
fno,65536,mask,lung,0.7401194788108006
fno,65536,mask,metanephros,0.7306770702226167
fno,65536,mask,bronchial smooth muscle cell,0.6813133201240732
fno,65536,mask,spinal cord,0.7538777356902396
fno,65536,mask,parietal lobe,0.7339271667319672
fno,65536,mask,diencephalon,0.7434764845139705
fno,65536,mask,bronchial epithelial cell,0.6992828469828329
fno,65536,mask,human nasal epithelial cells,0.7123702935104904
fno,65536,mask,pulmonary artery endothelial cell,0.7121736955161708
fno,65536,mask,regular cardiac myocyte,0.7071207351077806
fno,65536,mask,endothelial cell of coronary artery,0.7057576943128737
fno,65536,mask,skeletal muscle tissue,0.6892547608001328
fno,65536,mask,skin of body,0.7295324701740177
fno,65536,mask,frontal cortex,0.7255281928596414
fno,65536,mask,camera-type eye,0.7678989739071116
fno,65536,mask,dermis lymphatic vessel endothelial cell,0.6928624681952377
fno,65536,mask,smooth muscle cell of the umbilical artery,0.7007248384202169
fno,65536,mask,tracheal epithelial cell,0.7032048856481197
fno,65536,mask,smooth muscle cell of trachea,0.717707288506063
fno,65536,mask,renal cortical epithelial cell,0.7502294653160995
fno,65536,mask,dermis blood vessel endothelial cell,0.6987000613900052
fno,65536,mask,heart,0.7314630076664894
fno,65536,mask,thyroid gland,0.6806162344421641
fno,65536,mask,urinary bladder,0.7347807926117683
fno,65536,mask,temporal lobe,0.7206331626238404
fno,65536,mask,uterine smooth muscle cell,0.7304237755720963
fno,65536,mask,epithelial cell of umbilical artery,0.7145270558074449
fno,65536,mask,smooth muscle cell of the pulmonary artery,0.6731640816963237
fno,65536,mask,smooth muscle cell of bladder,0.6842065471728697
fno,65536,mask,bladder microvascular endothelial cell,0.6973591827670959
fno,65536,mask,uterus,0.7654510259084493
fno,65536,mask,GM12878,0.7073534785191246
fno,65536,mask,Universal_Human_Reference,0.7252808650526444
fno,65536,mask,H1_Cell_Line,0.6890044134792513
fno,65536,mask,H1_BMP4_Derived_Mesendoderm_Cultured_Cells,0.7038681610678342
fno,65536,mask,H1_BMP4_Derived_Trophoblast_Cultured_Cells,0.6744173590372418
fno,65536,mask,H1_Derived_Mesenchymal_Stem_Cells,0.6376325343598296
fno,65536,mask,H1_Derived_Neuronal_Progenitor_Cultured_Cells,0.74183967304424
fno,65536,mask,hESC_Derived_CD184+_Endoderm_Cultured_Cells,0.7294302371616235
fno,65536,mask,hESC_Derived_CD56+_Ectoderm_Cultured_Cells,0.747138729689442
fno,65536,mask,hESC_Derived_CD56+_Mesoderm_Cultured_Cells,0.7190735289302225
fno,65536,mask,HUES64_Cell_Line,0.7207279789600346
fno,65536,mask,4star,0.6821904603883037
fno,65536,mask,Breast_Myoepithelial_Cells,0.6694908772918068
fno,65536,mask,Breast_vHMEC,0.6960913200405511
fno,65536,mask,CD4_Memory_Primary_Cells,0.627070161024001
fno,65536,mask,CD4_Naive_Primary_Cells,0.5970441270799888
fno,65536,mask,CD8_Naive_Primary_Cells,0.6058414429111435
fno,65536,mask,Mobilized_CD34_Primary_Cells_Female,0.7127416665905392
fno,65536,mask,Neurosphere_Cultured_Cells_Cortex_Derived,0.6802378873323146
fno,65536,mask,Neurosphere_Cultured_Cells_Ganglionic_Eminence_Derived,0.6872067717960758
fno,65536,mask,Penis_Foreskin_Fibroblast_Primary_Cells_skin01,0.6680130844248572
fno,65536,mask,Penis_Foreskin_Fibroblast_Primary_Cells_skin02,0.6014276909076585
fno,65536,mask,Penis_Foreskin_Keratinocyte_Primary_Cells_skin02,0.6009050093308157
fno,65536,mask,Penis_Foreskin_Keratinocyte_Primary_Cells_skin03,0.678413485472173
fno,65536,mask,Penis_Foreskin_Melanocyte_Primary_Cells_skin01,0.5591145263617383
fno,65536,mask,Penis_Foreskin_Melanocyte_Primary_Cells_skin03,0.646763773884642
fno,65536,mask,Peripheral_Blood_Mononuclear_Primary_Cells,0.5927965251969689
fno,65536,mask,Aorta,0.6186918068064521
fno,65536,mask,Adult_Liver,0.5851484284819007
fno,65536,mask,Brain_Germinal_Matrix,0.6723514838307185
fno,65536,mask,Brain_Hippocampus_Middle,0.6599367479402488
fno,65536,mask,Esophagus,0.6071938185959893
fno,65536,mask,Fetal_Brain_Female,0.6277604135433984
fno,65536,mask,Fetal_Intestine_Large,0.6749362580401103
fno,65536,mask,Fetal_Intestine_Small,0.6559394505685101
fno,65536,mask,Pancreatic_Islets,0.6683676638507702
fno,65536,mask,Gastric,0.6572439133047779
fno,65536,mask,Left_Ventricle,0.6324688535106687
fno,65536,mask,Lung.1,0.6353460510926467
fno,65536,mask,Ovary.1,0.6632764949790643
fno,65536,mask,Pancreas.1,0.6069094590687154
fno,65536,mask,Psoas_Muscle,0.6270879005958915
fno,65536,mask,Right_Atrium,0.6240846644019699
fno,65536,mask,Right_Ventricle,0.62577291803531
fno,65536,mask,Sigmoid_Colon,0.6149139797577584
fno,65536,mask,Small_Intestine,0.5985621048134662
fno,65536,mask,Thymus,0.6731206923934215
fno,65536,mask,Spleen.1,0.6215052950866761
fno,65536,mask,A549,0.7211481616572589
fno,65536,mask,GM12878.1,0.708003253486067
fno,65536,mask,HELA,0.7090252841387303
fno,65536,mask,HEPG2,0.6382492068761207
fno,65536,mask,HMEC,0.675430636541698
fno,65536,mask,HSMM,0.691845071295543
fno,65536,mask,HUVEC,0.6178949197141542
fno,65536,mask,K562.1,0.6809176309013142
fno,65536,mask,NHEK,0.6823350374107054
fno,65536,mask,NHLF,0.6834758448684451
fno,65536,shuffle,Adipose_Subcutaneous,0.6436724364273331
fno,65536,shuffle,Adipose_Visceral_Omentum,0.6298833405992229
fno,65536,shuffle,Adrenal_Gland,0.642841059316517
fno,65536,shuffle,Artery_Aorta,0.6321240448389165
fno,65536,shuffle,Artery_Coronary,0.6336798083743713
fno,65536,shuffle,Artery_Tibial,0.6420120927703995
fno,65536,shuffle,Bladder,0.6833141941629163
fno,65536,shuffle,Brain_Amygdala,0.6357614988764538
fno,65536,shuffle,Brain_Anterior_cingulate_cortex_BA24,0.6426590502362284
fno,65536,shuffle,Brain_Caudate_basal_ganglia,0.6505603473242557
fno,65536,shuffle,Brain_Cerebellar_Hemisphere,0.6513403752430539
fno,65536,shuffle,Brain_Cerebellum,0.6593655805246148
fno,65536,shuffle,Brain_Cortex,0.6483330936876974
fno,65536,shuffle,Brain_Frontal_Cortex_BA9,0.6421205179058057
fno,65536,shuffle,Brain_Hippocampus,0.6374025671032402
fno,65536,shuffle,Brain_Hypothalamus,0.652834895343229
fno,65536,shuffle,Brain_Nucleus_accumbens_basal_ganglia,0.6524473524007238
fno,65536,shuffle,Brain_Putamen_basal_ganglia,0.6340878937976046
fno,65536,shuffle,Brain_Spinal_cord_cervical_c1,0.6379082739979511
fno,65536,shuffle,Brain_Substantia_nigra,0.6307533298868531
fno,65536,shuffle,Breast_Mammary_Tissue,0.6650406625788244
fno,65536,shuffle,Cells_EBV-transformed_lymphocytes,0.7052956269288178
fno,65536,shuffle,Cells_Transformed_fibroblasts,0.6819186272629807
fno,65536,shuffle,Cervix_Ectocervix,0.6663104151667046
fno,65536,shuffle,Cervix_Endocervix,0.6923774527501438
fno,65536,shuffle,Colon_Sigmoid,0.6640712078634405
fno,65536,shuffle,Colon_Transverse,0.6638854285036061
fno,65536,shuffle,Esophagus_Gastroesophageal_Junction,0.6683665091992911
fno,65536,shuffle,Esophagus_Mucosa,0.6470574324233301
fno,65536,shuffle,Esophagus_Muscularis,0.6659613629221703
fno,65536,shuffle,Fallopian_Tube,0.6784990920603099
fno,65536,shuffle,Heart_Atrial_Appendage,0.6184450306863947
fno,65536,shuffle,Heart_Left_Ventricle,0.6059163121361689
fno,65536,shuffle,Kidney_Cortex,0.6645274854341209
fno,65536,shuffle,Liver,0.5857703477954144
fno,65536,shuffle,Lung,0.6467979867582218
fno,65536,shuffle,Minor_Salivary_Gland,0.6628978519295772
fno,65536,shuffle,Muscle_Skeletal,0.5832088409271314
fno,65536,shuffle,Nerve_Tibial,0.6666249220451947
fno,65536,shuffle,Ovary,0.6790397219253788
fno,65536,shuffle,Pancreas,0.6581972117572649
fno,65536,shuffle,Pituitary,0.7098740007719878
fno,65536,shuffle,Prostate,0.6884788254592433
fno,65536,shuffle,Skin_Not_Sun_Exposed_Suprapubic,0.650441650625709
fno,65536,shuffle,Skin_Sun_Exposed_Lower_leg,0.6452166538228824
fno,65536,shuffle,Small_Intestine_Terminal_Ileum,0.6390961723435458
fno,65536,shuffle,Spleen,0.6576176839699552
fno,65536,shuffle,Stomach,0.6750474745851436
fno,65536,shuffle,Testis,0.6600622117780396
fno,65536,shuffle,Thyroid,0.663524742953162
fno,65536,shuffle,Uterus,0.6904742234493317
fno,65536,shuffle,Vagina,0.6625198620005541
fno,65536,shuffle,Whole_Blood,0.5126727749662185
fno,65536,shuffle,cardiac ventricle fibroblast,0.6842527523127547
fno,65536,shuffle,hair follicular keratinocyte,0.7404072882820664
fno,65536,shuffle,airway epithelial cell,0.7439958433138797
fno,65536,shuffle,epithelial cell of proximal tubule,0.772958616687434
fno,65536,shuffle,pericardium fibroblast,0.6923637696173184
fno,65536,shuffle,mesangial cell,0.756601330877212
fno,65536,shuffle,bronchial fibroblast,0.743387177862733
fno,65536,shuffle,glomerular endothelial cell,0.7189520290348492
fno,65536,shuffle,kidney epithelial cell,0.7773723398312594
fno,65536,shuffle,mammary microvascular endothelial cell,0.7266631819907275
fno,65536,shuffle,epithelial cell of alveolus of lung,0.7149174694485885
fno,65536,shuffle,myometrial cell,0.709064602795676
fno,65536,shuffle,cardiac atrium fibroblast,0.70354409026016
fno,65536,shuffle,endometrial microvascular endothelial cell,0.7349989916577275
fno,65536,shuffle,smooth muscle cell,0.7198141090506925
fno,65536,shuffle,hepatocyte,0.726495130314151
fno,65536,shuffle,neural progenitor cell,0.7737831675549713
fno,65536,shuffle,HT1080,0.7531031163076611
fno,65536,shuffle,SK-N-DZ,0.771252508629975
fno,65536,shuffle,SK-MEL-5,0.7568973847662832
fno,65536,shuffle,NCI-H460,0.7602877654876693
fno,65536,shuffle,astrocyte,0.716513019706035
fno,65536,shuffle,LHCN-M2,0.7492601212941475
fno,65536,shuffle,K562,0.7304300518999639
fno,65536,shuffle,HepG2,0.7279886768878561
fno,65536,shuffle,MCF-7,0.7509494373816962
fno,65536,shuffle,bipolar spindle neuron,0.7318433801896774
fno,65536,shuffle,skeletal muscle myoblast,0.7108230884690451
fno,65536,shuffle,myotube,0.6985779389746931
fno,65536,shuffle,H7-hESC,0.7592382319435947
fno,65536,shuffle,RPMI-7951,0.7251781842695659
fno,65536,shuffle,M059J,0.7232707596148039
fno,65536,shuffle,H4,0.7260433584996552
fno,65536,shuffle,MG63,0.7359975983851064
fno,65536,shuffle,G401,0.7390088553818088
fno,65536,shuffle,Caki2,0.7468768490450468
fno,65536,shuffle,SJSA1,0.7465742060292616
fno,65536,shuffle,Daoy,0.7598130385191991
fno,65536,shuffle,A172,0.7459813685730218
fno,65536,shuffle,induced pluripotent stem cell,0.7709366526503924
fno,65536,shuffle,fibroblast of arm,0.6982856326739101
fno,65536,shuffle,A375,0.757203472540704
fno,65536,shuffle,HT-29,0.7151469847458856
fno,65536,shuffle,PC-3,0.7507794266005969
fno,65536,shuffle,Karpas-422,0.7165783802898595
fno,65536,shuffle,Oci-Ly-7,0.7422113223117296
fno,65536,shuffle,SJCRH30,0.7363050558414753
fno,65536,shuffle,neural cell,0.7127300796587881
fno,65536,shuffle,umbilical cord,0.6890138139727017
fno,65536,shuffle,pericyte cell,0.7184107495737592
fno,65536,shuffle,melanocyte of skin,0.7316444013736351
fno,65536,shuffle,placental epithelial cell,0.7159116913475234
fno,65536,shuffle,hair follicle dermal papilla cell,0.6854312613717116
fno,65536,shuffle,hematopoietic multipotent progenitor cell,0.7036807352407094
fno,65536,shuffle,vein endothelial cell,0.7177421386246138
fno,65536,shuffle,osteoblast,0.6909030368897863
fno,65536,shuffle,articular chondrocyte of knee joint,0.6980778454402086
fno,65536,shuffle,thoracic aorta endothelial cell,0.7320450921718308
fno,65536,shuffle,fibroblast of the aortic adventitia,0.7146864249232894
fno,65536,shuffle,skeletal muscle satellite cell,0.7254768207854004
fno,65536,shuffle,fibroblast of dermis,0.7098801546973088
fno,65536,shuffle,mammary epithelial cell,0.7403213624231199
fno,65536,shuffle,subcutaneous preadipocyte,0.7198484347622272
fno,65536,shuffle,fibroblast of villous mesenchyme,0.7071181186494443
fno,65536,shuffle,endothelial cell of umbilical vein,0.7213254526110191
fno,65536,shuffle,fibroblast of lung,0.6981887173484886
fno,65536,shuffle,keratinocyte,0.7185688608023054
fno,65536,shuffle,stomach,0.7144898285880552
fno,65536,shuffle,dermis microvascular lymphatic vessel endothelial cell,0.6987749713277059
fno,65536,shuffle,tongue,0.7097258186913168
fno,65536,shuffle,lung microvascular endothelial cell,0.6761353076900305
fno,65536,shuffle,liver,0.6800782255315628
fno,65536,shuffle,smooth muscle cell of the coronary artery,0.6929115595011947
fno,65536,shuffle,aortic smooth muscle cell,0.6772153666870444
fno,65536,shuffle,cerebellum,0.7068452987240429
fno,65536,shuffle,occipital lobe,0.7158231069359972
fno,65536,shuffle,lung,0.7262415085435833
fno,65536,shuffle,metanephros,0.7435627583553721
fno,65536,shuffle,bronchial smooth muscle cell,0.6804519076635234
fno,65536,shuffle,spinal cord,0.7103166696480699
fno,65536,shuffle,parietal lobe,0.6965517320370233
fno,65536,shuffle,diencephalon,0.7049590346487038
fno,65536,shuffle,bronchial epithelial cell,0.716004627287949
fno,65536,shuffle,human nasal epithelial cells,0.7234293984743374
fno,65536,shuffle,pulmonary artery endothelial cell,0.7242029569510912
fno,65536,shuffle,regular cardiac myocyte,0.7094045773388947
fno,65536,shuffle,endothelial cell of coronary artery,0.7122910297484775
fno,65536,shuffle,skeletal muscle tissue,0.6636676093199256
fno,65536,shuffle,skin of body,0.7032851615868704
fno,65536,shuffle,frontal cortex,0.6831629202543984
fno,65536,shuffle,camera-type eye,0.7446578347913171
fno,65536,shuffle,dermis lymphatic vessel endothelial cell,0.6909161804051944
fno,65536,shuffle,smooth muscle cell of the umbilical artery,0.7018460868467248
fno,65536,shuffle,tracheal epithelial cell,0.7276475310220153
fno,65536,shuffle,smooth muscle cell of trachea,0.7214981280655233
fno,65536,shuffle,renal cortical epithelial cell,0.7507784467515541
fno,65536,shuffle,dermis blood vessel endothelial cell,0.7129629721182325
fno,65536,shuffle,heart,0.6931329442046203
fno,65536,shuffle,thyroid gland,0.6703802778770829
fno,65536,shuffle,urinary bladder,0.6999886438175865
fno,65536,shuffle,temporal lobe,0.6780597209701401
fno,65536,shuffle,uterine smooth muscle cell,0.7280318164930201
fno,65536,shuffle,epithelial cell of umbilical artery,0.7199663420267671
fno,65536,shuffle,smooth muscle cell of the pulmonary artery,0.6798678961618771
fno,65536,shuffle,smooth muscle cell of bladder,0.6752870822604747
fno,65536,shuffle,bladder microvascular endothelial cell,0.7035956960139637
fno,65536,shuffle,uterus,0.7502571203709695
fno,65536,shuffle,GM12878,0.7311436395442555
fno,65536,shuffle,Universal_Human_Reference,0.7673753648195923
fno,65536,shuffle,H1_Cell_Line,0.7148439353310451
fno,65536,shuffle,H1_BMP4_Derived_Mesendoderm_Cultured_Cells,0.7184054152617924
fno,65536,shuffle,H1_BMP4_Derived_Trophoblast_Cultured_Cells,0.6960290750680381
fno,65536,shuffle,H1_Derived_Mesenchymal_Stem_Cells,0.645525230075444
fno,65536,shuffle,H1_Derived_Neuronal_Progenitor_Cultured_Cells,0.7549068778679175
fno,65536,shuffle,hESC_Derived_CD184+_Endoderm_Cultured_Cells,0.7510638044943071
fno,65536,shuffle,hESC_Derived_CD56+_Ectoderm_Cultured_Cells,0.7690404025534108
fno,65536,shuffle,hESC_Derived_CD56+_Mesoderm_Cultured_Cells,0.7308883808369369
fno,65536,shuffle,HUES64_Cell_Line,0.7437414149455374
fno,65536,shuffle,4star,0.7237138967687399
fno,65536,shuffle,Breast_Myoepithelial_Cells,0.6960038080985236
fno,65536,shuffle,Breast_vHMEC,0.7169653596886882
fno,65536,shuffle,CD4_Memory_Primary_Cells,0.6559768698702645
fno,65536,shuffle,CD4_Naive_Primary_Cells,0.6364898430460472
fno,65536,shuffle,CD8_Naive_Primary_Cells,0.6470518493353781
fno,65536,shuffle,Mobilized_CD34_Primary_Cells_Female,0.719716474846819
fno,65536,shuffle,Neurosphere_Cultured_Cells_Cortex_Derived,0.7205135668307626
fno,65536,shuffle,Neurosphere_Cultured_Cells_Ganglionic_Eminence_Derived,0.7260002643881708
fno,65536,shuffle,Penis_Foreskin_Fibroblast_Primary_Cells_skin01,0.7198100472643002
fno,65536,shuffle,Penis_Foreskin_Fibroblast_Primary_Cells_skin02,0.6883103997606592
fno,65536,shuffle,Penis_Foreskin_Keratinocyte_Primary_Cells_skin02,0.6944256025904847
fno,65536,shuffle,Penis_Foreskin_Keratinocyte_Primary_Cells_skin03,0.7215759155062652
fno,65536,shuffle,Penis_Foreskin_Melanocyte_Primary_Cells_skin01,0.6729811459437588
fno,65536,shuffle,Penis_Foreskin_Melanocyte_Primary_Cells_skin03,0.6962494838922493
fno,65536,shuffle,Peripheral_Blood_Mononuclear_Primary_Cells,0.6391576214768896
fno,65536,shuffle,Aorta,0.6264379870852366
fno,65536,shuffle,Adult_Liver,0.5886934155359863
fno,65536,shuffle,Brain_Germinal_Matrix,0.7063478387212168
fno,65536,shuffle,Brain_Hippocampus_Middle,0.6749729918851664
fno,65536,shuffle,Esophagus,0.6695647268558785
fno,65536,shuffle,Fetal_Brain_Female,0.6650596374794433
fno,65536,shuffle,Fetal_Intestine_Large,0.701990383968495
fno,65536,shuffle,Fetal_Intestine_Small,0.6884462704937017
fno,65536,shuffle,Pancreatic_Islets,0.687969015932888
fno,65536,shuffle,Gastric,0.7063742218352898
fno,65536,shuffle,Left_Ventricle,0.6686816052385144
fno,65536,shuffle,Lung.1,0.6923812357019578
fno,65536,shuffle,Ovary.1,0.6985723609648715
fno,65536,shuffle,Pancreas.1,0.7097353097388382
fno,65536,shuffle,Psoas_Muscle,0.6515295972529191
fno,65536,shuffle,Right_Atrium,0.653595268704774
fno,65536,shuffle,Right_Ventricle,0.6683766857185751
fno,65536,shuffle,Sigmoid_Colon,0.6833155433756972
fno,65536,shuffle,Small_Intestine,0.6675191517628538
fno,65536,shuffle,Thymus,0.7118743954514177
fno,65536,shuffle,Spleen.1,0.6871280498582777
fno,65536,shuffle,A549,0.7306021275353317
fno,65536,shuffle,GM12878.1,0.6736646452419955
fno,65536,shuffle,HELA,0.701537366327457
fno,65536,shuffle,HEPG2,0.6851632253259469
fno,65536,shuffle,HMEC,0.7176689828260588
fno,65536,shuffle,HSMM,0.6973919576095869
fno,65536,shuffle,HUVEC,0.6914777124981101
fno,65536,shuffle,K562.1,0.7159191149519246
fno,65536,shuffle,NHEK,0.7014908374620387
fno,65536,shuffle,NHLF,0.6691252227496268
fno,65536,swap,Adipose_Subcutaneous,0.5461148092852437
fno,65536,swap,Adipose_Visceral_Omentum,0.5040569752747632
fno,65536,swap,Adrenal_Gland,0.5284652942423776
fno,65536,swap,Artery_Aorta,0.5261695646984123
fno,65536,swap,Artery_Coronary,0.5308762638898785
fno,65536,swap,Artery_Tibial,0.5561335436774805
fno,65536,swap,Bladder,0.5667219590128441
fno,65536,swap,Brain_Amygdala,0.5430398369467576
fno,65536,swap,Brain_Anterior_cingulate_cortex_BA24,0.554515263914683
fno,65536,swap,Brain_Caudate_basal_ganglia,0.5612845145738814
fno,65536,swap,Brain_Cerebellar_Hemisphere,0.5543352704730907
fno,65536,swap,Brain_Cerebellum,0.5593175505183102
fno,65536,swap,Brain_Cortex,0.5506168900151992
fno,65536,swap,Brain_Frontal_Cortex_BA9,0.5519540167169735
fno,65536,swap,Brain_Hippocampus,0.5505960575063186
fno,65536,swap,Brain_Hypothalamus,0.5650933973735378
fno,65536,swap,Brain_Nucleus_accumbens_basal_ganglia,0.5711124394077391
fno,65536,swap,Brain_Putamen_basal_ganglia,0.5508683070274756
fno,65536,swap,Brain_Spinal_cord_cervical_c1,0.5549192508123135
fno,65536,swap,Brain_Substantia_nigra,0.5369030564479795
fno,65536,swap,Breast_Mammary_Tissue,0.55428744157768
fno,65536,swap,Cells_EBV-transformed_lymphocytes,0.600018624149936
fno,65536,swap,Cells_Transformed_fibroblasts,0.5892202907731734
fno,65536,swap,Cervix_Ectocervix,0.5345288456606986
fno,65536,swap,Cervix_Endocervix,0.5835649779223393
fno,65536,swap,Colon_Sigmoid,0.5404889629217488
fno,65536,swap,Colon_Transverse,0.525347907519791
fno,65536,swap,Esophagus_Gastroesophageal_Junction,0.5498753281652028
fno,65536,swap,Esophagus_Mucosa,0.5114997470313097
fno,65536,swap,Esophagus_Muscularis,0.5435033485816352
fno,65536,swap,Fallopian_Tube,0.5510276803454524
fno,65536,swap,Heart_Atrial_Appendage,0.5049401156386807
fno,65536,swap,Heart_Left_Ventricle,0.49098225087714426
fno,65536,swap,Kidney_Cortex,0.5344037958880933
fno,65536,swap,Liver,0.45119270161021025
fno,65536,swap,Lung,0.5367076820479686
fno,65536,swap,Minor_Salivary_Gland,0.54198919408611
fno,65536,swap,Muscle_Skeletal,0.4677829267205788
fno,65536,swap,Nerve_Tibial,0.5609422680145283
fno,65536,swap,Ovary,0.5692742469654999
fno,65536,swap,Pancreas,0.5212773970156849
fno,65536,swap,Pituitary,0.5904796440714666
fno,65536,swap,Prostate,0.563287206013309
fno,65536,swap,Skin_Not_Sun_Exposed_Suprapubic,0.5066531025233802
fno,65536,swap,Skin_Sun_Exposed_Lower_leg,0.509427870177288
fno,65536,swap,Small_Intestine_Terminal_Ileum,0.5080238479265275
fno,65536,swap,Spleen,0.5060235349084906
fno,65536,swap,Stomach,0.5486677082390742
fno,65536,swap,Testis,0.5464632341249677
fno,65536,swap,Thyroid,0.5456464155201528
fno,65536,swap,Uterus,0.5761661960229726
fno,65536,swap,Vagina,0.5485177782800211
fno,65536,swap,Whole_Blood,0.367663388621555
fno,65536,swap,cardiac ventricle fibroblast,0.577041264436202
fno,65536,swap,hair follicular keratinocyte,0.6051930260756296
fno,65536,swap,airway epithelial cell,0.5899773336748819
fno,65536,swap,epithelial cell of proximal tubule,0.643722346528255
fno,65536,swap,pericardium fibroblast,0.5795076210753313
fno,65536,swap,mesangial cell,0.6301709445301831
fno,65536,swap,bronchial fibroblast,0.6227881858375514
fno,65536,swap,glomerular endothelial cell,0.610258186803635
fno,65536,swap,kidney epithelial cell,0.6725508655559388
fno,65536,swap,mammary microvascular endothelial cell,0.6154546924066272
fno,65536,swap,epithelial cell of alveolus of lung,0.6011349062144117
fno,65536,swap,myometrial cell,0.5904697079810879
fno,65536,swap,cardiac atrium fibroblast,0.5928289049491241
fno,65536,swap,endometrial microvascular endothelial cell,0.6104356681114359
fno,65536,swap,smooth muscle cell,0.646575219757953
fno,65536,swap,hepatocyte,0.6426683088154516
fno,65536,swap,neural progenitor cell,0.6883337540982047
fno,65536,swap,HT1080,0.6407335300051699
fno,65536,swap,SK-N-DZ,0.6610497013238243
fno,65536,swap,SK-MEL-5,0.628057596398048
fno,65536,swap,NCI-H460,0.6306585051896413
fno,65536,swap,astrocyte,0.603195705195421
fno,65536,swap,LHCN-M2,0.6434024917507489
fno,65536,swap,K562,0.598587475058741
fno,65536,swap,HepG2,0.625047735347612
fno,65536,swap,MCF-7,0.6474361289965044
fno,65536,swap,bipolar spindle neuron,0.6431768084619278
fno,65536,swap,skeletal muscle myoblast,0.6126989475968277
fno,65536,swap,myotube,0.5963886178035689
fno,65536,swap,H7-hESC,0.6193792912378098
fno,65536,swap,RPMI-7951,0.6391982236675993
fno,65536,swap,M059J,0.6304647625976665
fno,65536,swap,H4,0.6427378991756275
fno,65536,swap,MG63,0.6187161902409002
fno,65536,swap,G401,0.615578749015437
fno,65536,swap,Caki2,0.6240551191807728
fno,65536,swap,SJSA1,0.6518782891780125
fno,65536,swap,Daoy,0.6562328919680042
fno,65536,swap,A172,0.6341814840166697
fno,65536,swap,induced pluripotent stem cell,0.664936573266714
fno,65536,swap,fibroblast of arm,0.5937297807202578
fno,65536,swap,A375,0.6303607616108177
fno,65536,swap,HT-29,0.5331271190544524
fno,65536,swap,PC-3,0.5879943156816033
fno,65536,swap,Karpas-422,0.5925534641253603
fno,65536,swap,Oci-Ly-7,0.6148054665120132
fno,65536,swap,SJCRH30,0.6579999838475596
fno,65536,swap,neural cell,0.6327831617530664
fno,65536,swap,umbilical cord,0.6210195523897003
fno,65536,swap,pericyte cell,0.6209520615663486
fno,65536,swap,melanocyte of skin,0.632517857335084
fno,65536,swap,placental epithelial cell,0.5988046553275514
fno,65536,swap,hair follicle dermal papilla cell,0.6048246946335747
fno,65536,swap,hematopoietic multipotent progenitor cell,0.5641609124771035
fno,65536,swap,vein endothelial cell,0.6045225283614221
fno,65536,swap,osteoblast,0.6127186376909683
fno,65536,swap,articular chondrocyte of knee joint,0.6297742838317097
fno,65536,swap,thoracic aorta endothelial cell,0.6316245715297739
fno,65536,swap,fibroblast of the aortic adventitia,0.6405145139380424
fno,65536,swap,skeletal muscle satellite cell,0.6216107617141089
fno,65536,swap,fibroblast of dermis,0.6290960171662797
fno,65536,swap,mammary epithelial cell,0.6205601066295617
fno,65536,swap,subcutaneous preadipocyte,0.6098861778871089
fno,65536,swap,fibroblast of villous mesenchyme,0.6151045765734708
fno,65536,swap,endothelial cell of umbilical vein,0.5796177409926854
fno,65536,swap,fibroblast of lung,0.6181669414517437
fno,65536,swap,keratinocyte,0.6015168517896602
fno,65536,swap,stomach,0.6551025265870261
fno,65536,swap,dermis microvascular lymphatic vessel endothelial cell,0.5928162315187403
fno,65536,swap,tongue,0.6371812688922092
fno,65536,swap,lung microvascular endothelial cell,0.5741292199140277
fno,65536,swap,liver,0.5876517464007623
fno,65536,swap,smooth muscle cell of the coronary artery,0.6038967899622746
fno,65536,swap,aortic smooth muscle cell,0.5927815274319539
fno,65536,swap,cerebellum,0.670201759571094
fno,65536,swap,occipital lobe,0.6753822267910172
fno,65536,swap,lung,0.6582281942165406
fno,65536,swap,metanephros,0.6564520312833769
fno,65536,swap,bronchial smooth muscle cell,0.5874434013430442
fno,65536,swap,spinal cord,0.6821641763219622
fno,65536,swap,parietal lobe,0.6470106920413781
fno,65536,swap,diencephalon,0.6710932969073052
fno,65536,swap,bronchial epithelial cell,0.6001527002594779
fno,65536,swap,human nasal epithelial cells,0.6177337120273976
fno,65536,swap,pulmonary artery endothelial cell,0.6142608189842252
fno,65536,swap,regular cardiac myocyte,0.6214171095102433
fno,65536,swap,endothelial cell of coronary artery,0.6042966248629966
fno,65536,swap,skeletal muscle tissue,0.6049394053701764
fno,65536,swap,skin of body,0.6349776605525748
fno,65536,swap,frontal cortex,0.6476546637222778
fno,65536,swap,camera-type eye,0.692243650545089
fno,65536,swap,dermis lymphatic vessel endothelial cell,0.6006393004796435
fno,65536,swap,smooth muscle cell of the umbilical artery,0.6158195155127362
fno,65536,swap,tracheal epithelial cell,0.6063382369266699
fno,65536,swap,smooth muscle cell of trachea,0.6313062642869949
fno,65536,swap,renal cortical epithelial cell,0.6553095688134812
fno,65536,swap,dermis blood vessel endothelial cell,0.6096514497806373
fno,65536,swap,heart,0.6450892739167745
fno,65536,swap,thyroid gland,0.6033498479176823
fno,65536,swap,urinary bladder,0.643590411164902
fno,65536,swap,temporal lobe,0.6416288302370633
fno,65536,swap,uterine smooth muscle cell,0.6330025992215681
fno,65536,swap,epithelial cell of umbilical artery,0.6075572051748183
fno,65536,swap,smooth muscle cell of the pulmonary artery,0.5808748509832974
fno,65536,swap,smooth muscle cell of bladder,0.5906584747399412
fno,65536,swap,bladder microvascular endothelial cell,0.596581035435993
fno,65536,swap,uterus,0.6921129179163434
fno,65536,swap,GM12878,0.6173183606223778
fno,65536,swap,Universal_Human_Reference,0.6451119438071837
fno,65536,swap,H1_Cell_Line,0.6106467446360239
fno,65536,swap,H1_BMP4_Derived_Mesendoderm_Cultured_Cells,0.6211200782699833
fno,65536,swap,H1_BMP4_Derived_Trophoblast_Cultured_Cells,0.5912841369457009
fno,65536,swap,H1_Derived_Mesenchymal_Stem_Cells,0.5494375543155352
fno,65536,swap,H1_Derived_Neuronal_Progenitor_Cultured_Cells,0.6553360842602539
fno,65536,swap,hESC_Derived_CD184+_Endoderm_Cultured_Cells,0.6531509225154939
fno,65536,swap,hESC_Derived_CD56+_Ectoderm_Cultured_Cells,0.6541954944889008
fno,65536,swap,hESC_Derived_CD56+_Mesoderm_Cultured_Cells,0.6458146409626043
fno,65536,swap,HUES64_Cell_Line,0.6425294471933666
fno,65536,swap,4star,0.5867185480405693
fno,65536,swap,Breast_Myoepithelial_Cells,0.5917067647395441
fno,65536,swap,Breast_vHMEC,0.6150853360531496
fno,65536,swap,CD4_Memory_Primary_Cells,0.5378671679523933
fno,65536,swap,CD4_Naive_Primary_Cells,0.5096850448465214
fno,65536,swap,CD8_Naive_Primary_Cells,0.521700200475806
fno,65536,swap,Mobilized_CD34_Primary_Cells_Female,0.6144130907599652
fno,65536,swap,Neurosphere_Cultured_Cells_Cortex_Derived,0.6059124242948386
fno,65536,swap,Neurosphere_Cultured_Cells_Ganglionic_Eminence_Derived,0.6200502074477573
fno,65536,swap,Penis_Foreskin_Fibroblast_Primary_Cells_skin01,0.5953698376891432
fno,65536,swap,Penis_Foreskin_Fibroblast_Primary_Cells_skin02,0.5283890884360797
fno,65536,swap,Penis_Foreskin_Keratinocyte_Primary_Cells_skin02,0.5219091823761791
fno,65536,swap,Penis_Foreskin_Keratinocyte_Primary_Cells_skin03,0.5943414689808529
fno,65536,swap,Penis_Foreskin_Melanocyte_Primary_Cells_skin01,0.48519673085782633
fno,65536,swap,Penis_Foreskin_Melanocyte_Primary_Cells_skin03,0.5692349568489182
fno,65536,swap,Peripheral_Blood_Mononuclear_Primary_Cells,0.5162913222690141
fno,65536,swap,Aorta,0.5459330460156421
fno,65536,swap,Adult_Liver,0.5044913276727161
fno,65536,swap,Brain_Germinal_Matrix,0.6045393444494268
fno,65536,swap,Brain_Hippocampus_Middle,0.6003239617974424
fno,65536,swap,Esophagus,0.524585282909534
fno,65536,swap,Fetal_Brain_Female,0.5659324128228015
fno,65536,swap,Fetal_Intestine_Large,0.6050464997090593
fno,65536,swap,Fetal_Intestine_Small,0.5741917905973059
fno,65536,swap,Pancreatic_Islets,0.5973363490774967
fno,65536,swap,Gastric,0.5761812521688089
fno,65536,swap,Left_Ventricle,0.5488122767470701
fno,65536,swap,Lung.1,0.5683696356818176
fno,65536,swap,Ovary.1,0.5896686210127666
fno,65536,swap,Pancreas.1,0.5458291489400117
fno,65536,swap,Psoas_Muscle,0.5533057247888585
fno,65536,swap,Right_Atrium,0.5467166101826566
fno,65536,swap,Right_Ventricle,0.5523052605455854
fno,65536,swap,Sigmoid_Colon,0.5285467022016441
fno,65536,swap,Small_Intestine,0.5151683259569179
fno,65536,swap,Thymus,0.5913594008163606
fno,65536,swap,Spleen.1,0.5388310011748592
fno,65536,swap,A549,0.6345208492672598
fno,65536,swap,GM12878.1,0.6183750176246935
fno,65536,swap,HELA,0.6120941089926856
fno,65536,swap,HEPG2,0.5488682798538882
fno,65536,swap,HMEC,0.5952989773491326
fno,65536,swap,HSMM,0.6148855152503196
fno,65536,swap,HUVEC,0.5306858405128907
fno,65536,swap,K562.1,0.5951897722170413
fno,65536,swap,NHEK,0.599620142078868
fno,65536,swap,NHLF,0.6007905932140111
attention,65536,intact,Adipose_Subcutaneous,0.666567072870596
attention,65536,intact,Adipose_Visceral_Omentum,0.6551313822171446
attention,65536,intact,Adrenal_Gland,0.6607378962863214
attention,65536,intact,Artery_Aorta,0.6598855216731906
attention,65536,intact,Artery_Coronary,0.654717283359839
attention,65536,intact,Artery_Tibial,0.6639770705902627
attention,65536,intact,Bladder,0.7049881096032055
attention,65536,intact,Brain_Amygdala,0.6413490362625668
attention,65536,intact,Brain_Anterior_cingulate_cortex_BA24,0.6411721679947272
attention,65536,intact,Brain_Caudate_basal_ganglia,0.6522792582832874
attention,65536,intact,Brain_Cerebellar_Hemisphere,0.6635323230512017
attention,65536,intact,Brain_Cerebellum,0.6655307141193583
attention,65536,intact,Brain_Cortex,0.645012184445969
attention,65536,intact,Brain_Frontal_Cortex_BA9,0.6426139626238846
attention,65536,intact,Brain_Hippocampus,0.6416967628948987
attention,65536,intact,Brain_Hypothalamus,0.658521926879671
attention,65536,intact,Brain_Nucleus_accumbens_basal_ganglia,0.6521661566166654
attention,65536,intact,Brain_Putamen_basal_ganglia,0.6373763936720271
attention,65536,intact,Brain_Spinal_cord_cervical_c1,0.6540950534944893
attention,65536,intact,Brain_Substantia_nigra,0.644193793976317
attention,65536,intact,Breast_Mammary_Tissue,0.6909942736276129
attention,65536,intact,Cells_EBV-transformed_lymphocytes,0.7255986151149573
attention,65536,intact,Cells_Transformed_fibroblasts,0.7001165411743507
attention,65536,intact,Cervix_Ectocervix,0.6879326125436404
attention,65536,intact,Cervix_Endocervix,0.7133902594229458
attention,65536,intact,Colon_Sigmoid,0.6904388085145539
attention,65536,intact,Colon_Transverse,0.6892457918132209
attention,65536,intact,Esophagus_Gastroesophageal_Junction,0.6952805370583546
attention,65536,intact,Esophagus_Mucosa,0.6601097318332215
attention,65536,intact,Esophagus_Muscularis,0.6995856871365819
attention,65536,intact,Fallopian_Tube,0.7012264122789227
attention,65536,intact,Heart_Atrial_Appendage,0.6420005865188537
attention,65536,intact,Heart_Left_Ventricle,0.6293326977716361
attention,65536,intact,Kidney_Cortex,0.6892320162541137
attention,65536,intact,Liver,0.6000546118049986
attention,65536,intact,Lung,0.6758411496049082
attention,65536,intact,Minor_Salivary_Gland,0.6854284667771893
attention,65536,intact,Muscle_Skeletal,0.6163457975738537
attention,65536,intact,Nerve_Tibial,0.693588152527259
attention,65536,intact,Ovary,0.7056185228723906
attention,65536,intact,Pancreas,0.6791362668241822
attention,65536,intact,Pituitary,0.7240636095621998
attention,65536,intact,Prostate,0.7056690484223874
attention,65536,intact,Skin_Not_Sun_Exposed_Suprapubic,0.6728539282238913
attention,65536,intact,Skin_Sun_Exposed_Lower_leg,0.6652853059628673
attention,65536,intact,Small_Intestine_Terminal_Ileum,0.6628369860261267
attention,65536,intact,Spleen,0.6810327673995831
attention,65536,intact,Stomach,0.6932896695806945
attention,65536,intact,Testis,0.6717522286745347
attention,65536,intact,Thyroid,0.6880549301474317
attention,65536,intact,Uterus,0.7115733702629864
attention,65536,intact,Vagina,0.6809482968358168
attention,65536,intact,Whole_Blood,0.5303734887734328
attention,65536,intact,cardiac ventricle fibroblast,0.7073298139046406
attention,65536,intact,hair follicular keratinocyte,0.768828441620489
attention,65536,intact,airway epithelial cell,0.7690440855508007
attention,65536,intact,epithelial cell of proximal tubule,0.7975172124733261
attention,65536,intact,pericardium fibroblast,0.7175936767770819
attention,65536,intact,mesangial cell,0.7789675428038243
attention,65536,intact,bronchial fibroblast,0.7633067649655901
attention,65536,intact,glomerular endothelial cell,0.7436044116891415
attention,65536,intact,kidney epithelial cell,0.8010824107306007
attention,65536,intact,mammary microvascular endothelial cell,0.7508654156581073
attention,65536,intact,epithelial cell of alveolus of lung,0.7400962839986852
attention,65536,intact,myometrial cell,0.7358288921678294
attention,65536,intact,cardiac atrium fibroblast,0.7331924115900712
attention,65536,intact,endometrial microvascular endothelial cell,0.7606326816614661
attention,65536,intact,smooth muscle cell,0.749972804107748
attention,65536,intact,hepatocyte,0.7615240643649607
attention,65536,intact,neural progenitor cell,0.8008557837784328
attention,65536,intact,HT1080,0.7746273549366752
attention,65536,intact,SK-N-DZ,0.7840077654824803
attention,65536,intact,SK-MEL-5,0.7754513868074316
attention,65536,intact,NCI-H460,0.7736745730072144
attention,65536,intact,astrocyte,0.7465696139967326
attention,65536,intact,LHCN-M2,0.7719707767679905
attention,65536,intact,K562,0.7503368937039467
attention,65536,intact,HepG2,0.7693620931713898
attention,65536,intact,MCF-7,0.7755187346283652
attention,65536,intact,bipolar spindle neuron,0.7515316234932806
attention,65536,intact,skeletal muscle myoblast,0.7409432170028744
attention,65536,intact,myotube,0.7264182878314488
attention,65536,intact,H7-hESC,0.7902378516110641
attention,65536,intact,RPMI-7951,0.743512343718419
attention,65536,intact,M059J,0.7554410701943367
attention,65536,intact,H4,0.7496838039715876
attention,65536,intact,MG63,0.767645359011108
attention,65536,intact,G401,0.7627819385430094
attention,65536,intact,Caki2,0.766093744451395
attention,65536,intact,SJSA1,0.7809517094496536
attention,65536,intact,Daoy,0.7803669133950675
attention,65536,intact,A172,0.7736557192741366
attention,65536,intact,induced pluripotent stem cell,0.7984683166182122
attention,65536,intact,fibroblast of arm,0.7233666486278439
attention,65536,intact,A375,0.7764921386936435
attention,65536,intact,HT-29,0.728584054769113
attention,65536,intact,PC-3,0.7730590641092278
attention,65536,intact,Karpas-422,0.7413195017516467
attention,65536,intact,Oci-Ly-7,0.7724475042322355
attention,65536,intact,SJCRH30,0.7552728479022983
attention,65536,intact,neural cell,0.7326846472300743
attention,65536,intact,umbilical cord,0.7232972782528111
attention,65536,intact,pericyte cell,0.7493436121407494
attention,65536,intact,melanocyte of skin,0.7603760963316937
attention,65536,intact,placental epithelial cell,0.7454312549176548
attention,65536,intact,hair follicle dermal papilla cell,0.7163858565523258
attention,65536,intact,hematopoietic multipotent progenitor cell,0.7286338219040395
attention,65536,intact,vein endothelial cell,0.7464109142448021
attention,65536,intact,osteoblast,0.7214476642637897
attention,65536,intact,articular chondrocyte of knee joint,0.7276905587242647
attention,65536,intact,thoracic aorta endothelial cell,0.7680928624042007
attention,65536,intact,fibroblast of the aortic adventitia,0.7387850150520247
attention,65536,intact,skeletal muscle satellite cell,0.7470819986993842
attention,65536,intact,fibroblast of dermis,0.7348578793465909
attention,65536,intact,mammary epithelial cell,0.7717635787831503
attention,65536,intact,subcutaneous preadipocyte,0.7485045752895448
attention,65536,intact,fibroblast of villous mesenchyme,0.741326815141181
attention,65536,intact,endothelial cell of umbilical vein,0.746866039527441
attention,65536,intact,fibroblast of lung,0.7237825772715478
attention,65536,intact,keratinocyte,0.7474015420959494
attention,65536,intact,stomach,0.7567598360761559
attention,65536,intact,dermis microvascular lymphatic vessel endothelial cell,0.7277177713080558
attention,65536,intact,tongue,0.7336781162187215
attention,65536,intact,lung microvascular endothelial cell,0.7055556927815382
attention,65536,intact,liver,0.7155112844032224
attention,65536,intact,smooth muscle cell of the coronary artery,0.7199331277532387
attention,65536,intact,aortic smooth muscle cell,0.7101771016505003
attention,65536,intact,cerebellum,0.73701224173155
attention,65536,intact,occipital lobe,0.7316353527089614
attention,65536,intact,lung,0.7651928002592503
attention,65536,intact,metanephros,0.7739042628305409
attention,65536,intact,bronchial smooth muscle cell,0.7102771563701378
attention,65536,intact,spinal cord,0.7329040421849772
attention,65536,intact,parietal lobe,0.72203840498875
attention,65536,intact,diencephalon,0.7225104356346632
attention,65536,intact,bronchial epithelial cell,0.7514647206523382
attention,65536,intact,human nasal epithelial cells,0.7569960522813665
attention,65536,intact,pulmonary artery endothelial cell,0.7553811921831602
attention,65536,intact,regular cardiac myocyte,0.7407113027706683
attention,65536,intact,endothelial cell of coronary artery,0.7409074851329441
attention,65536,intact,skeletal muscle tissue,0.6976085949392593
attention,65536,intact,skin of body,0.740648616397123
attention,65536,intact,frontal cortex,0.701592152031599
attention,65536,intact,camera-type eye,0.7724304842316064
attention,65536,intact,dermis lymphatic vessel endothelial cell,0.7266606822054064
attention,65536,intact,smooth muscle cell of the umbilical artery,0.7356008693633244
attention,65536,intact,tracheal epithelial cell,0.7637092733377223
attention,65536,intact,smooth muscle cell of trachea,0.741890044892294
attention,65536,intact,renal cortical epithelial cell,0.7921482492929854
attention,65536,intact,dermis blood vessel endothelial cell,0.7464478525864573
attention,65536,intact,heart,0.7288721591175374
attention,65536,intact,thyroid gland,0.6986943191319334
attention,65536,intact,urinary bladder,0.7350121662507157
attention,65536,intact,temporal lobe,0.6989014599605196
attention,65536,intact,uterine smooth muscle cell,0.7609340862083004
attention,65536,intact,epithelial cell of umbilical artery,0.7542487244057754
attention,65536,intact,smooth muscle cell of the pulmonary artery,0.7136985500593459
attention,65536,intact,smooth muscle cell of bladder,0.7060146879314307
attention,65536,intact,bladder microvascular endothelial cell,0.740094480276357
attention,65536,intact,uterus,0.7875613458386539
attention,65536,intact,GM12878,0.7486140041926074
attention,65536,intact,Universal_Human_Reference,0.7925209035053425
attention,65536,intact,H1_Cell_Line,0.7458454080352456
attention,65536,intact,H1_BMP4_Derived_Mesendoderm_Cultured_Cells,0.7467518936932912
attention,65536,intact,H1_BMP4_Derived_Trophoblast_Cultured_Cells,0.7327708400480525
attention,65536,intact,H1_Derived_Mesenchymal_Stem_Cells,0.6765851413899453
attention,65536,intact,H1_Derived_Neuronal_Progenitor_Cultured_Cells,0.7836340440794274
attention,65536,intact,hESC_Derived_CD184+_Endoderm_Cultured_Cells,0.7753932679191458
attention,65536,intact,hESC_Derived_CD56+_Ectoderm_Cultured_Cells,0.795347062027417
attention,65536,intact,hESC_Derived_CD56+_Mesoderm_Cultured_Cells,0.7573374077221171
attention,65536,intact,HUES64_Cell_Line,0.7754340528191085
attention,65536,intact,4star,0.7519317431604394
attention,65536,intact,Breast_Myoepithelial_Cells,0.7291577780461753
attention,65536,intact,Breast_vHMEC,0.7471652828918359
attention,65536,intact,CD4_Memory_Primary_Cells,0.7014274107964126
attention,65536,intact,CD4_Naive_Primary_Cells,0.6727149874577627
attention,65536,intact,CD8_Naive_Primary_Cells,0.6857485945293207
attention,65536,intact,Mobilized_CD34_Primary_Cells_Female,0.7624910921342126
attention,65536,intact,Neurosphere_Cultured_Cells_Cortex_Derived,0.7359701097507382
attention,65536,intact,Neurosphere_Cultured_Cells_Ganglionic_Eminence_Derived,0.7469610870623055
attention,65536,intact,Penis_Foreskin_Fibroblast_Primary_Cells_skin01,0.7388779015252941
attention,65536,intact,Penis_Foreskin_Fibroblast_Primary_Cells_skin02,0.7003074892972437
attention,65536,intact,Penis_Foreskin_Keratinocyte_Primary_Cells_skin02,0.7130594721974773
attention,65536,intact,Penis_Foreskin_Keratinocyte_Primary_Cells_skin03,0.7495170279517532
attention,65536,intact,Penis_Foreskin_Melanocyte_Primary_Cells_skin01,0.6796422057093534
attention,65536,intact,Penis_Foreskin_Melanocyte_Primary_Cells_skin03,0.7192934226618516
attention,65536,intact,Peripheral_Blood_Mononuclear_Primary_Cells,0.6713496172474835
attention,65536,intact,Aorta,0.6552087854793748
attention,65536,intact,Adult_Liver,0.6128064715082738
attention,65536,intact,Brain_Germinal_Matrix,0.7147938942462525
attention,65536,intact,Brain_Hippocampus_Middle,0.683509448672219
attention,65536,intact,Esophagus,0.684008033018832
attention,65536,intact,Fetal_Brain_Female,0.6710945942494226
attention,65536,intact,Fetal_Intestine_Large,0.7322563792494626
attention,65536,intact,Fetal_Intestine_Small,0.7251406920817765
attention,65536,intact,Pancreatic_Islets,0.7172250820116503
attention,65536,intact,Gastric,0.7218965252877679
attention,65536,intact,Left_Ventricle,0.6886083579991906
attention,65536,intact,Lung.1,0.7077580424659363
attention,65536,intact,Ovary.1,0.7262630027161486
attention,65536,intact,Pancreas.1,0.7218185361731718
attention,65536,intact,Psoas_Muscle,0.6832420700817873
attention,65536,intact,Right_Atrium,0.678669120333454
attention,65536,intact,Right_Ventricle,0.6865458704123982
attention,65536,intact,Sigmoid_Colon,0.7120695772249507
attention,65536,intact,Small_Intestine,0.6920871968068018
attention,65536,intact,Thymus,0.7418749411968816
attention,65536,intact,Spleen.1,0.7086663820873582
attention,65536,intact,A549,0.7624470875187731
attention,65536,intact,GM12878.1,0.7054675735201
attention,65536,intact,HELA,0.7364414337303588
attention,65536,intact,HEPG2,0.7139256088611111
attention,65536,intact,HMEC,0.744578984229635
attention,65536,intact,HSMM,0.7250341676902777
attention,65536,intact,HUVEC,0.7142543806080554
attention,65536,intact,K562.1,0.7430468811756575
attention,65536,intact,NHEK,0.7349499337450137
attention,65536,intact,NHLF,0.7078650924619111
attention,65536,mask,Adipose_Subcutaneous,0.6330124029297391
attention,65536,mask,Adipose_Visceral_Omentum,0.6168734470625122
attention,65536,mask,Adrenal_Gland,0.6250993411168847
attention,65536,mask,Artery_Aorta,0.6238535295931716
attention,65536,mask,Artery_Coronary,0.6170816926835725
attention,65536,mask,Artery_Tibial,0.6380008513055299
attention,65536,mask,Bladder,0.6658044164264082
attention,65536,mask,Brain_Amygdala,0.6234843432821422
attention,65536,mask,Brain_Anterior_cingulate_cortex_BA24,0.6307080631564578
attention,65536,mask,Brain_Caudate_basal_ganglia,0.6326263272522299
attention,65536,mask,Brain_Cerebellar_Hemisphere,0.637808893768434
attention,65536,mask,Brain_Cerebellum,0.6320839887128211
attention,65536,mask,Brain_Cortex,0.6215992779356663
attention,65536,mask,Brain_Frontal_Cortex_BA9,0.6299440744320871
attention,65536,mask,Brain_Hippocampus,0.622995817295858
attention,65536,mask,Brain_Hypothalamus,0.6446755391565088
attention,65536,mask,Brain_Nucleus_accumbens_basal_ganglia,0.6391629005032246
attention,65536,mask,Brain_Putamen_basal_ganglia,0.6214218458687369
attention,65536,mask,Brain_Spinal_cord_cervical_c1,0.6308104075143527
attention,65536,mask,Brain_Substantia_nigra,0.6192822334601575
attention,65536,mask,Breast_Mammary_Tissue,0.6576294248738582
attention,65536,mask,Cells_EBV-transformed_lymphocytes,0.7014553151148718
attention,65536,mask,Cells_Transformed_fibroblasts,0.6742897481688006
attention,65536,mask,Cervix_Ectocervix,0.6455826373923502
attention,65536,mask,Cervix_Endocervix,0.6761995022085351
attention,65536,mask,Colon_Sigmoid,0.6440479109717921
attention,65536,mask,Colon_Transverse,0.635003164193077
attention,65536,mask,Esophagus_Gastroesophageal_Junction,0.6519752789396951
attention,65536,mask,Esophagus_Mucosa,0.6178691806171166
attention,65536,mask,Esophagus_Muscularis,0.6581537210507811
attention,65536,mask,Fallopian_Tube,0.6548576261683651
attention,65536,mask,Heart_Atrial_Appendage,0.6043163946083938
attention,65536,mask,Heart_Left_Ventricle,0.5954418110352825
attention,65536,mask,Kidney_Cortex,0.6404546564910173
attention,65536,mask,Liver,0.5630063122026866
attention,65536,mask,Lung,0.6358699881850145
attention,65536,mask,Minor_Salivary_Gland,0.6437186079365969
attention,65536,mask,Muscle_Skeletal,0.5873099205847209
attention,65536,mask,Nerve_Tibial,0.6602277317865702
attention,65536,mask,Ovary,0.6666443436169939
attention,65536,mask,Pancreas,0.6275119045964167
attention,65536,mask,Pituitary,0.6820386776976886
attention,65536,mask,Prostate,0.6559100419670356
attention,65536,mask,Skin_Not_Sun_Exposed_Suprapubic,0.6147729522057429
attention,65536,mask,Skin_Sun_Exposed_Lower_leg,0.6126478724827117
attention,65536,mask,Small_Intestine_Terminal_Ileum,0.6030027944851812
attention,65536,mask,Spleen,0.6285284842440204
attention,65536,mask,Stomach,0.6414506946106878
attention,65536,mask,Testis,0.6340743540065089
attention,65536,mask,Thyroid,0.6464943030588524
attention,65536,mask,Uterus,0.6737271527907426
attention,65536,mask,Vagina,0.6377923019210957
attention,65536,mask,Whole_Blood,0.47581320419216344
attention,65536,mask,cardiac ventricle fibroblast,0.6840737959164822
attention,65536,mask,hair follicular keratinocyte,0.7288535412312838
attention,65536,mask,airway epithelial cell,0.7221396450266754
attention,65536,mask,epithelial cell of proximal tubule,0.7598235451234377
attention,65536,mask,pericardium fibroblast,0.6890895305796839
attention,65536,mask,mesangial cell,0.7373732052364118
attention,65536,mask,bronchial fibroblast,0.7314254288806201
attention,65536,mask,glomerular endothelial cell,0.7128596466846293
attention,65536,mask,kidney epithelial cell,0.7714952579842493
attention,65536,mask,mammary microvascular endothelial cell,0.721580646777323
attention,65536,mask,epithelial cell of alveolus of lung,0.7106076447507443
attention,65536,mask,myometrial cell,0.7053445318680064
attention,65536,mask,cardiac atrium fibroblast,0.7105793948041431
attention,65536,mask,endometrial microvascular endothelial cell,0.7275374604655888
attention,65536,mask,smooth muscle cell,0.7379648325255106
attention,65536,mask,hepatocyte,0.7432089842488283
attention,65536,mask,neural progenitor cell,0.7889896073046483
attention,65536,mask,HT1080,0.7447688705588288
attention,65536,mask,SK-N-DZ,0.7574606008871948
attention,65536,mask,SK-MEL-5,0.7439520366821323
attention,65536,mask,NCI-H460,0.7440954143154039
attention,65536,mask,astrocyte,0.7183430120001466
attention,65536,mask,LHCN-M2,0.7515213570857927
attention,65536,mask,K562,0.7184076943329977
attention,65536,mask,HepG2,0.7497007841772452
attention,65536,mask,MCF-7,0.7569499133138947
attention,65536,mask,bipolar spindle neuron,0.7386665027166552
attention,65536,mask,skeletal muscle myoblast,0.7215627148544682
attention,65536,mask,myotube,0.7044627924339562
attention,65536,mask,H7-hESC,0.7455031598808873
attention,65536,mask,RPMI-7951,0.7313211392473914
attention,65536,mask,M059J,0.7330488866387269
attention,65536,mask,H4,0.7323065700960045
attention,65536,mask,MG63,0.7420774903066373
attention,65536,mask,G401,0.733796978486553
attention,65536,mask,Caki2,0.7395206509258094
attention,65536,mask,SJSA1,0.7628212938344504
attention,65536,mask,Daoy,0.7649092560370562
attention,65536,mask,A172,0.7457515851828318
attention,65536,mask,induced pluripotent stem cell,0.7677583551145052
attention,65536,mask,fibroblast of arm,0.7013944873498416
attention,65536,mask,A375,0.7480279455653666
attention,65536,mask,HT-29,0.6823064436169058
attention,65536,mask,PC-3,0.7251537326191272
attention,65536,mask,Karpas-422,0.708421534026523
attention,65536,mask,Oci-Ly-7,0.7332572062781301
attention,65536,mask,SJCRH30,0.749399166415435
attention,65536,mask,neural cell,0.7262069261372296
attention,65536,mask,umbilical cord,0.7137011500026
attention,65536,mask,pericyte cell,0.7250066711952146
attention,65536,mask,melanocyte of skin,0.7382353910134246
attention,65536,mask,placental epithelial cell,0.7130644312370014
attention,65536,mask,hair follicle dermal papilla cell,0.6887547714622438
attention,65536,mask,hematopoietic multipotent progenitor cell,0.6887459867945958
attention,65536,mask,vein endothelial cell,0.7227495862983923
attention,65536,mask,osteoblast,0.7043728085154517
attention,65536,mask,articular chondrocyte of knee joint,0.7161767104191935
attention,65536,mask,thoracic aorta endothelial cell,0.7492956232640281
attention,65536,mask,fibroblast of the aortic adventitia,0.7279653118948315
attention,65536,mask,skeletal muscle satellite cell,0.7257203938077832
attention,65536,mask,fibroblast of dermis,0.7210488355653294
attention,65536,mask,mammary epithelial cell,0.7363632662450783
attention,65536,mask,subcutaneous preadipocyte,0.7287420933153305
attention,65536,mask,fibroblast of villous mesenchyme,0.7247670889907752
attention,65536,mask,endothelial cell of umbilical vein,0.7062424757806172
attention,65536,mask,fibroblast of lung,0.7141257945508818
attention,65536,mask,keratinocyte,0.7171058135268815
attention,65536,mask,stomach,0.7439220252245501
attention,65536,mask,dermis microvascular lymphatic vessel endothelial cell,0.7090613755294783
attention,65536,mask,tongue,0.7244327581271618
attention,65536,mask,lung microvascular endothelial cell,0.6830153321526868
attention,65536,mask,liver,0.6924468026955957
attention,65536,mask,smooth muscle cell of the coronary artery,0.6999739314317415
attention,65536,mask,aortic smooth muscle cell,0.6902486298139326
attention,65536,mask,cerebellum,0.7441503984149724
attention,65536,mask,occipital lobe,0.7433207112035566
attention,65536,mask,lung,0.7477910889474885
attention,65536,mask,metanephros,0.7398978621567371
attention,65536,mask,bronchial smooth muscle cell,0.6935724056684522
attention,65536,mask,spinal cord,0.7410117620138926
attention,65536,mask,parietal lobe,0.7308271134084304
attention,65536,mask,diencephalon,0.7379611940003977
attention,65536,mask,bronchial epithelial cell,0.7246358011999229
attention,65536,mask,human nasal epithelial cells,0.7327993220666454
attention,65536,mask,pulmonary artery endothelial cell,0.7345792994986399
attention,65536,mask,regular cardiac myocyte,0.7249656482260548
attention,65536,mask,endothelial cell of coronary artery,0.7200001193956669
attention,65536,mask,skeletal muscle tissue,0.6927238378958768
attention,65536,mask,skin of body,0.7344203357332463
attention,65536,mask,frontal cortex,0.7223353388088184
attention,65536,mask,camera-type eye,0.766687383028447
attention,65536,mask,dermis lymphatic vessel endothelial cell,0.7105895282685516
attention,65536,mask,smooth muscle cell of the umbilical artery,0.711108762906258
attention,65536,mask,tracheal epithelial cell,0.7312584804362229
attention,65536,mask,smooth muscle cell of trachea,0.7208568215007297
attention,65536,mask,renal cortical epithelial cell,0.7652645058358414
attention,65536,mask,dermis blood vessel endothelial cell,0.7225266510420104
attention,65536,mask,heart,0.7285971829646313
attention,65536,mask,thyroid gland,0.6810909115304123
attention,65536,mask,urinary bladder,0.7318998194358747
attention,65536,mask,temporal lobe,0.7148503999884998
attention,65536,mask,uterine smooth muscle cell,0.743717933022754
attention,65536,mask,epithelial cell of umbilical artery,0.7313946978267857
attention,65536,mask,smooth muscle cell of the pulmonary artery,0.6839322109481341
attention,65536,mask,smooth muscle cell of bladder,0.6931036680693209
attention,65536,mask,bladder microvascular endothelial cell,0.7181149769466337
attention,65536,mask,uterus,0.7684123473579186
attention,65536,mask,GM12878,0.7290849173226311
attention,65536,mask,Universal_Human_Reference,0.7482201373540655
attention,65536,mask,H1_Cell_Line,0.7083709469426122
attention,65536,mask,H1_BMP4_Derived_Mesendoderm_Cultured_Cells,0.7141003410776426
attention,65536,mask,H1_BMP4_Derived_Trophoblast_Cultured_Cells,0.6970488506676435
attention,65536,mask,H1_Derived_Mesenchymal_Stem_Cells,0.6549162194171563
attention,65536,mask,H1_Derived_Neuronal_Progenitor_Cultured_Cells,0.7551203412845894
attention,65536,mask,hESC_Derived_CD184+_Endoderm_Cultured_Cells,0.7498722241133654
attention,65536,mask,hESC_Derived_CD56+_Ectoderm_Cultured_Cells,0.7628134732756013
attention,65536,mask,hESC_Derived_CD56+_Mesoderm_Cultured_Cells,0.7336262685096607
attention,65536,mask,HUES64_Cell_Line,0.7418199270498887
attention,65536,mask,4star,0.7078670546022418
attention,65536,mask,Breast_Myoepithelial_Cells,0.6907315338052552
attention,65536,mask,Breast_vHMEC,0.7135272775513707
attention,65536,mask,CD4_Memory_Primary_Cells,0.6550233686014049
attention,65536,mask,CD4_Naive_Primary_Cells,0.6314540879066654
attention,65536,mask,CD8_Naive_Primary_Cells,0.6431187706552212
attention,65536,mask,Mobilized_CD34_Primary_Cells_Female,0.7349673579453072
attention,65536,mask,Neurosphere_Cultured_Cells_Cortex_Derived,0.7070548386095675
attention,65536,mask,Neurosphere_Cultured_Cells_Ganglionic_Eminence_Derived,0.7180844183651364
attention,65536,mask,Penis_Foreskin_Fibroblast_Primary_Cells_skin01,0.690385128705706
attention,65536,mask,Penis_Foreskin_Fibroblast_Primary_Cells_skin02,0.6483821585025237
attention,65536,mask,Penis_Foreskin_Keratinocyte_Primary_Cells_skin02,0.6462344522302942
attention,65536,mask,Penis_Foreskin_Keratinocyte_Primary_Cells_skin03,0.7090909356373194
attention,65536,mask,Penis_Foreskin_Melanocyte_Primary_Cells_skin01,0.6038559005999568
attention,65536,mask,Penis_Foreskin_Melanocyte_Primary_Cells_skin03,0.6731501396626727
attention,65536,mask,Peripheral_Blood_Mononuclear_Primary_Cells,0.6237111152384939
attention,65536,mask,Aorta,0.6324869951804272
attention,65536,mask,Adult_Liver,0.5916437673851703
attention,65536,mask,Brain_Germinal_Matrix,0.6922759986448072
attention,65536,mask,Brain_Hippocampus_Middle,0.6671606448979426
attention,65536,mask,Esophagus,0.6272054811138275
attention,65536,mask,Fetal_Brain_Female,0.6566726246966813
attention,65536,mask,Fetal_Intestine_Large,0.696137100211601
attention,65536,mask,Fetal_Intestine_Small,0.6847646625454537
attention,65536,mask,Pancreatic_Islets,0.6865044459627514
attention,65536,mask,Gastric,0.6764324085062056
attention,65536,mask,Left_Ventricle,0.6514299650981817
attention,65536,mask,Lung.1,0.6610215407182882
attention,65536,mask,Ovary.1,0.6908228379962447
attention,65536,mask,Pancreas.1,0.6526595181395298
attention,65536,mask,Psoas_Muscle,0.6557309002770212
attention,65536,mask,Right_Atrium,0.6453769210413972
attention,65536,mask,Right_Ventricle,0.6529623902869179
attention,65536,mask,Sigmoid_Colon,0.6570649037150827
attention,65536,mask,Small_Intestine,0.6415284000080942
attention,65536,mask,Thymus,0.6993395675957025
attention,65536,mask,Spleen.1,0.6608722826244223
attention,65536,mask,A549,0.7384903074930153
attention,65536,mask,GM12878.1,0.7025781668744905
attention,65536,mask,HELA,0.7188721851070569
attention,65536,mask,HEPG2,0.6700495483650423
attention,65536,mask,HMEC,0.7032878767881493
attention,65536,mask,HSMM,0.702852708798007
attention,65536,mask,HUVEC,0.6571798177014013
attention,65536,mask,K562.1,0.7068193353863633
attention,65536,mask,NHEK,0.702131046314062
attention,65536,mask,NHLF,0.6941681546898876
attention,65536,shuffle,Adipose_Subcutaneous,0.6560448247293539
attention,65536,shuffle,Adipose_Visceral_Omentum,0.6431615617347125
attention,65536,shuffle,Adrenal_Gland,0.651892178019572
attention,65536,shuffle,Artery_Aorta,0.6480950668828587
attention,65536,shuffle,Artery_Coronary,0.6431451963155139
attention,65536,shuffle,Artery_Tibial,0.6523636865278315
attention,65536,shuffle,Bladder,0.6941433441115353
attention,65536,shuffle,Brain_Amygdala,0.6298053057632806
attention,65536,shuffle,Brain_Anterior_cingulate_cortex_BA24,0.6320913303630977
attention,65536,shuffle,Brain_Caudate_basal_ganglia,0.641265605157156
attention,65536,shuffle,Brain_Cerebellar_Hemisphere,0.6552527823851765
attention,65536,shuffle,Brain_Cerebellum,0.6582879362126537
attention,65536,shuffle,Brain_Cortex,0.6361876913278669
attention,65536,shuffle,Brain_Frontal_Cortex_BA9,0.6312968415122143
attention,65536,shuffle,Brain_Hippocampus,0.631254794082919
attention,65536,shuffle,Brain_Hypothalamus,0.6474492899650417
attention,65536,shuffle,Brain_Nucleus_accumbens_basal_ganglia,0.643145387735034
attention,65536,shuffle,Brain_Putamen_basal_ganglia,0.6264898167370435
attention,65536,shuffle,Brain_Spinal_cord_cervical_c1,0.6407924433012132
attention,65536,shuffle,Brain_Substantia_nigra,0.6318341679089426
attention,65536,shuffle,Breast_Mammary_Tissue,0.6806326156879852
attention,65536,shuffle,Cells_EBV-transformed_lymphocytes,0.7226155046147444
attention,65536,shuffle,Cells_Transformed_fibroblasts,0.6901979051947876
attention,65536,shuffle,Cervix_Ectocervix,0.6766323529135055
attention,65536,shuffle,Cervix_Endocervix,0.7038947672472979
attention,65536,shuffle,Colon_Sigmoid,0.6769375616028727
attention,65536,shuffle,Colon_Transverse,0.6776439930847009
attention,65536,shuffle,Esophagus_Gastroesophageal_Junction,0.6835080480888126
attention,65536,shuffle,Esophagus_Mucosa,0.6520174073432986
attention,65536,shuffle,Esophagus_Muscularis,0.6868131117728548
attention,65536,shuffle,Fallopian_Tube,0.6908583682668511
attention,65536,shuffle,Heart_Atrial_Appendage,0.6287873035926502
attention,65536,shuffle,Heart_Left_Ventricle,0.6182028535838326
attention,65536,shuffle,Kidney_Cortex,0.6783047424716944
attention,65536,shuffle,Liver,0.5943596450824234
attention,65536,shuffle,Lung,0.6639679607075983
attention,65536,shuffle,Minor_Salivary_Gland,0.6752958082136579
attention,65536,shuffle,Muscle_Skeletal,0.6054387610741258
attention,65536,shuffle,Nerve_Tibial,0.6824860911546683
attention,65536,shuffle,Ovary,0.6987915657341607
attention,65536,shuffle,Pancreas,0.6704019301092019
attention,65536,shuffle,Pituitary,0.7146556658545378
attention,65536,shuffle,Prostate,0.6956361859532983
attention,65536,shuffle,Skin_Not_Sun_Exposed_Suprapubic,0.6614637406987283
attention,65536,shuffle,Skin_Sun_Exposed_Lower_leg,0.6531602096256036
attention,65536,shuffle,Small_Intestine_Terminal_Ileum,0.6529227115837808
attention,65536,shuffle,Spleen,0.6719456580115261
attention,65536,shuffle,Stomach,0.682876609998155
attention,65536,shuffle,Testis,0.6683701733993295
attention,65536,shuffle,Thyroid,0.6772684999102103
attention,65536,shuffle,Uterus,0.7022344507649784
attention,65536,shuffle,Vagina,0.668677002190262
attention,65536,shuffle,Whole_Blood,0.5214535072169818
attention,65536,shuffle,cardiac ventricle fibroblast,0.6981611064553136
attention,65536,shuffle,hair follicular keratinocyte,0.7590781627158287
attention,65536,shuffle,airway epithelial cell,0.7602249345068653
attention,65536,shuffle,epithelial cell of proximal tubule,0.7900260404743105
attention,65536,shuffle,pericardium fibroblast,0.7075826829641932
attention,65536,shuffle,mesangial cell,0.7710356380782362
attention,65536,shuffle,bronchial fibroblast,0.7541825829188517
attention,65536,shuffle,glomerular endothelial cell,0.7348223408580045
attention,65536,shuffle,kidney epithelial cell,0.794517316500698
attention,65536,shuffle,mammary microvascular endothelial cell,0.7428289323575709
attention,65536,shuffle,epithelial cell of alveolus of lung,0.7298280742474278
attention,65536,shuffle,myometrial cell,0.7274035463594852
attention,65536,shuffle,cardiac atrium fibroblast,0.7252087900858957
attention,65536,shuffle,endometrial microvascular endothelial cell,0.7527215156236936
attention,65536,shuffle,smooth muscle cell,0.7403454890519395
attention,65536,shuffle,hepatocyte,0.7481148007037497
attention,65536,shuffle,neural progenitor cell,0.7933965591149648
attention,65536,shuffle,HT1080,0.7685838096489785
attention,65536,shuffle,SK-N-DZ,0.7789592939294105
attention,65536,shuffle,SK-MEL-5,0.7696210650457604
attention,65536,shuffle,NCI-H460,0.7696897033508027
attention,65536,shuffle,astrocyte,0.7376206991318598
attention,65536,shuffle,LHCN-M2,0.764307931109509
attention,65536,shuffle,K562,0.7479913102592779
attention,65536,shuffle,HepG2,0.7629720811912172
attention,65536,shuffle,MCF-7,0.770099698940745
attention,65536,shuffle,bipolar spindle neuron,0.7432228988227098
attention,65536,shuffle,skeletal muscle myoblast,0.7310264843012162
attention,65536,shuffle,myotube,0.7170922951571806
attention,65536,shuffle,H7-hESC,0.783804426108917
attention,65536,shuffle,RPMI-7951,0.735528479459143
attention,65536,shuffle,M059J,0.743788749075462
attention,65536,shuffle,H4,0.7405252126066413
attention,65536,shuffle,MG63,0.7581199910074673
attention,65536,shuffle,G401,0.7628251419769426
attention,65536,shuffle,Caki2,0.761523314358896
attention,65536,shuffle,SJSA1,0.772298286248773
attention,65536,shuffle,Daoy,0.7735112535970828
attention,65536,shuffle,A172,0.7661703119781521
attention,65536,shuffle,induced pluripotent stem cell,0.7900306799524023
attention,65536,shuffle,fibroblast of arm,0.7125971830194754
attention,65536,shuffle,A375,0.7719644567452411
attention,65536,shuffle,HT-29,0.726730605716003
attention,65536,shuffle,PC-3,0.7692824509999681
attention,65536,shuffle,Karpas-422,0.7383373216711544
attention,65536,shuffle,Oci-Ly-7,0.7710340562583969
attention,65536,shuffle,SJCRH30,0.7486027189805368
attention,65536,shuffle,neural cell,0.7245953346939346
attention,65536,shuffle,umbilical cord,0.7129529812185514
attention,65536,shuffle,pericyte cell,0.7412458012426278
attention,65536,shuffle,melanocyte of skin,0.7512541955525797
attention,65536,shuffle,placental epithelial cell,0.7364705541321505
attention,65536,shuffle,hair follicle dermal papilla cell,0.7030704910991524
attention,65536,shuffle,hematopoietic multipotent progenitor cell,0.7211600661746563
attention,65536,shuffle,vein endothelial cell,0.7393324426669173
attention,65536,shuffle,osteoblast,0.7088846181110404
attention,65536,shuffle,articular chondrocyte of knee joint,0.7154163647771485
attention,65536,shuffle,thoracic aorta endothelial cell,0.7592391526094378
attention,65536,shuffle,fibroblast of the aortic adventitia,0.7291452091501215
attention,65536,shuffle,skeletal muscle satellite cell,0.7390674292921581
attention,65536,shuffle,fibroblast of dermis,0.7269312676562625
attention,65536,shuffle,mammary epithelial cell,0.7600185814575492
attention,65536,shuffle,subcutaneous preadipocyte,0.7393370046356754
attention,65536,shuffle,fibroblast of villous mesenchyme,0.7326168137494063
attention,65536,shuffle,endothelial cell of umbilical vein,0.7413828086018148
attention,65536,shuffle,fibroblast of lung,0.7122558702495726
attention,65536,shuffle,keratinocyte,0.7391544310367687
attention,65536,shuffle,stomach,0.7444131516783742
attention,65536,shuffle,dermis microvascular lymphatic vessel endothelial cell,0.7204585106430313
attention,65536,shuffle,tongue,0.721533179819586
attention,65536,shuffle,lung microvascular endothelial cell,0.6976783498251621
attention,65536,shuffle,liver,0.7076063948753857
attention,65536,shuffle,smooth muscle cell of the coronary artery,0.7116256265394154
attention,65536,shuffle,aortic smooth muscle cell,0.6998195145110179
attention,65536,shuffle,cerebellum,0.7231885131165363
attention,65536,shuffle,occipital lobe,0.721207444630893
attention,65536,shuffle,lung,0.7507631222260567
attention,65536,shuffle,metanephros,0.7602236819914976
attention,65536,shuffle,bronchial smooth muscle cell,0.701695574860491
attention,65536,shuffle,spinal cord,0.7201117182173041
attention,65536,shuffle,parietal lobe,0.7102539123519748
attention,65536,shuffle,diencephalon,0.7106367071965342
attention,65536,shuffle,bronchial epithelial cell,0.7422205716965453
attention,65536,shuffle,human nasal epithelial cells,0.7471523808222303
attention,65536,shuffle,pulmonary artery endothelial cell,0.747953654792881
attention,65536,shuffle,regular cardiac myocyte,0.7330529895880804
attention,65536,shuffle,endothelial cell of coronary artery,0.7331212742900571
attention,65536,shuffle,skeletal muscle tissue,0.6882119070082138
attention,65536,shuffle,skin of body,0.7275325338830764
attention,65536,shuffle,frontal cortex,0.6923252750540064
attention,65536,shuffle,camera-type eye,0.7609073889721663
attention,65536,shuffle,dermis lymphatic vessel endothelial cell,0.7194115216217755
attention,65536,shuffle,smooth muscle cell of the umbilical artery,0.7248976071397674
attention,65536,shuffle,tracheal epithelial cell,0.7534111309701392
attention,65536,shuffle,smooth muscle cell of trachea,0.7325241737802161
attention,65536,shuffle,renal cortical epithelial cell,0.7824065140389981
attention,65536,shuffle,dermis blood vessel endothelial cell,0.7381969593298885
attention,65536,shuffle,heart,0.7160189526566924
attention,65536,shuffle,thyroid gland,0.686406692971244
attention,65536,shuffle,urinary bladder,0.7223991465998748
attention,65536,shuffle,temporal lobe,0.6890507626393011
attention,65536,shuffle,uterine smooth muscle cell,0.7511197380959497
attention,65536,shuffle,epithelial cell of umbilical artery,0.7465632229799865
attention,65536,shuffle,smooth muscle cell of the pulmonary artery,0.7026116213402658
attention,65536,shuffle,smooth muscle cell of bladder,0.6958769979067027
attention,65536,shuffle,bladder microvascular endothelial cell,0.7312381572193483
attention,65536,shuffle,uterus,0.7774621888668442
attention,65536,shuffle,GM12878,0.7466747186812427
attention,65536,shuffle,Universal_Human_Reference,0.7825388735701522
attention,65536,shuffle,H1_Cell_Line,0.735096622426173
attention,65536,shuffle,H1_BMP4_Derived_Mesendoderm_Cultured_Cells,0.7371311105704847
attention,65536,shuffle,H1_BMP4_Derived_Trophoblast_Cultured_Cells,0.719994014827576
attention,65536,shuffle,H1_Derived_Mesenchymal_Stem_Cells,0.6631389973334407
attention,65536,shuffle,H1_Derived_Neuronal_Progenitor_Cultured_Cells,0.7744979964640043
attention,65536,shuffle,hESC_Derived_CD184+_Endoderm_Cultured_Cells,0.7658242119489259
attention,65536,shuffle,hESC_Derived_CD56+_Ectoderm_Cultured_Cells,0.785674946283411
attention,65536,shuffle,hESC_Derived_CD56+_Mesoderm_Cultured_Cells,0.7465807332811105
attention,65536,shuffle,HUES64_Cell_Line,0.7651835289634334
attention,65536,shuffle,4star,0.7402340611095438
attention,65536,shuffle,Breast_Myoepithelial_Cells,0.7179616902976479
attention,65536,shuffle,Breast_vHMEC,0.7358325691651437
attention,65536,shuffle,CD4_Memory_Primary_Cells,0.6913939971622296
attention,65536,shuffle,CD4_Naive_Primary_Cells,0.6655669652625479
attention,65536,shuffle,CD8_Naive_Primary_Cells,0.6779302790523898
attention,65536,shuffle,Mobilized_CD34_Primary_Cells_Female,0.7513151649737888
attention,65536,shuffle,Neurosphere_Cultured_Cells_Cortex_Derived,0.7282227876202723
attention,65536,shuffle,Neurosphere_Cultured_Cells_Ganglionic_Eminence_Derived,0.7388398047166098
attention,65536,shuffle,Penis_Foreskin_Fibroblast_Primary_Cells_skin01,0.7306530195395624
attention,65536,shuffle,Penis_Foreskin_Fibroblast_Primary_Cells_skin02,0.6938846340338072
attention,65536,shuffle,Penis_Foreskin_Keratinocyte_Primary_Cells_skin02,0.7049801833957265
attention,65536,shuffle,Penis_Foreskin_Keratinocyte_Primary_Cells_skin03,0.740010404075604
attention,65536,shuffle,Penis_Foreskin_Melanocyte_Primary_Cells_skin01,0.6712981729503501
attention,65536,shuffle,Penis_Foreskin_Melanocyte_Primary_Cells_skin03,0.7083966813166592
attention,65536,shuffle,Peripheral_Blood_Mononuclear_Primary_Cells,0.661247239162955
attention,65536,shuffle,Aorta,0.6441610537345173
attention,65536,shuffle,Adult_Liver,0.6027110054688052
attention,65536,shuffle,Brain_Germinal_Matrix,0.7070170309637123
attention,65536,shuffle,Brain_Hippocampus_Middle,0.6739610892139667
attention,65536,shuffle,Esophagus,0.6738744456868864
attention,65536,shuffle,Fetal_Brain_Female,0.6615665284223424
attention,65536,shuffle,Fetal_Intestine_Large,0.7219400436350882
attention,65536,shuffle,Fetal_Intestine_Small,0.7150735655508672
attention,65536,shuffle,Pancreatic_Islets,0.7061990284801405
attention,65536,shuffle,Gastric,0.7123580652705537
attention,65536,shuffle,Left_Ventricle,0.6773918687880249
attention,65536,shuffle,Lung.1,0.6974201106228669
attention,65536,shuffle,Ovary.1,0.7194786059706793
attention,65536,shuffle,Pancreas.1,0.7164504308960348
attention,65536,shuffle,Psoas_Muscle,0.6756706495395602
attention,65536,shuffle,Right_Atrium,0.66692062818138
attention,65536,shuffle,Right_Ventricle,0.677299121760356
attention,65536,shuffle,Sigmoid_Colon,0.7039867237419709
attention,65536,shuffle,Small_Intestine,0.6856279172519325
attention,65536,shuffle,Thymus,0.7291964004249608
attention,65536,shuffle,Spleen.1,0.7003942322945688
attention,65536,shuffle,A549,0.7582780679711281
attention,65536,shuffle,GM12878.1,0.6978809938151332
attention,65536,shuffle,HELA,0.7289523341268078
attention,65536,shuffle,HEPG2,0.7072211290649529
attention,65536,shuffle,HMEC,0.7352309769812988
attention,65536,shuffle,HSMM,0.7151692270598123
attention,65536,shuffle,HUVEC,0.7079765723723904
attention,65536,shuffle,K562.1,0.7388687351658774
attention,65536,shuffle,NHEK,0.7240395438901299
attention,65536,shuffle,NHLF,0.6974448676234258
attention,65536,swap,Adipose_Subcutaneous,0.5889890527565579
attention,65536,swap,Adipose_Visceral_Omentum,0.5658333958139586
attention,65536,swap,Adrenal_Gland,0.5697124225825398
attention,65536,swap,Artery_Aorta,0.5760001802532709
attention,65536,swap,Artery_Coronary,0.5804276328129436
attention,65536,swap,Artery_Tibial,0.5939782885619869
attention,65536,swap,Bladder,0.6122862886350279
attention,65536,swap,Brain_Amygdala,0.5779360608608459
attention,65536,swap,Brain_Anterior_cingulate_cortex_BA24,0.5886071455522911
attention,65536,swap,Brain_Caudate_basal_ganglia,0.5925090260157304
attention,65536,swap,Brain_Cerebellar_Hemisphere,0.5943005654253918
attention,65536,swap,Brain_Cerebellum,0.589999455436471
attention,65536,swap,Brain_Cortex,0.579828484977864
attention,65536,swap,Brain_Frontal_Cortex_BA9,0.5803732854321059
attention,65536,swap,Brain_Hippocampus,0.5883621013423214
attention,65536,swap,Brain_Hypothalamus,0.5987603451578765
attention,65536,swap,Brain_Nucleus_accumbens_basal_ganglia,0.5992640629108164
attention,65536,swap,Brain_Putamen_basal_ganglia,0.5727124565517638
attention,65536,swap,Brain_Spinal_cord_cervical_c1,0.5877240960683037
attention,65536,swap,Brain_Substantia_nigra,0.5756886586706816
attention,65536,swap,Breast_Mammary_Tissue,0.6078550395295369
attention,65536,swap,Cells_EBV-transformed_lymphocytes,0.6412797442344595
attention,65536,swap,Cells_Transformed_fibroblasts,0.6262685584332182
attention,65536,swap,Cervix_Ectocervix,0.5879121900793912
attention,65536,swap,Cervix_Endocervix,0.6203676685298734
attention,65536,swap,Colon_Sigmoid,0.5919413339924511
attention,65536,swap,Colon_Transverse,0.5747736660048857
attention,65536,swap,Esophagus_Gastroesophageal_Junction,0.6002385677691087
attention,65536,swap,Esophagus_Mucosa,0.5668060789167899
attention,65536,swap,Esophagus_Muscularis,0.6003108334575696
attention,65536,swap,Fallopian_Tube,0.6114721192333492
attention,65536,swap,Heart_Atrial_Appendage,0.547445014580898
attention,65536,swap,Heart_Left_Ventricle,0.543643726635806
attention,65536,swap,Kidney_Cortex,0.5870597086671655
attention,65536,swap,Liver,0.5241389101413021
attention,65536,swap,Lung,0.5970988325146125
attention,65536,swap,Minor_Salivary_Gland,0.5951580657022911
attention,65536,swap,Muscle_Skeletal,0.5299074991865796
attention,65536,swap,Nerve_Tibial,0.613117540308922
attention,65536,swap,Ovary,0.6171686774385481
attention,65536,swap,Pancreas,0.5787331103995744
attention,65536,swap,Pituitary,0.642672869920446
attention,65536,swap,Prostate,0.6040801609253122
attention,65536,swap,Skin_Not_Sun_Exposed_Suprapubic,0.5648021437304018
attention,65536,swap,Skin_Sun_Exposed_Lower_leg,0.5709029214041281
attention,65536,swap,Small_Intestine_Terminal_Ileum,0.5414058447807337
attention,65536,swap,Spleen,0.5706884048343422
attention,65536,swap,Stomach,0.6024597177227374
attention,65536,swap,Testis,0.5926745384014112
attention,65536,swap,Thyroid,0.5991506228565039
attention,65536,swap,Uterus,0.619988017044461
attention,65536,swap,Vagina,0.5830313598939562
attention,65536,swap,Whole_Blood,0.4205889764516334
attention,65536,swap,cardiac ventricle fibroblast,0.6154178871623265
attention,65536,swap,hair follicular keratinocyte,0.6581967533977096
attention,65536,swap,airway epithelial cell,0.6579953475698523
attention,65536,swap,epithelial cell of proximal tubule,0.6997986014402743
attention,65536,swap,pericardium fibroblast,0.6304025004052336
attention,65536,swap,mesangial cell,0.6755825809124757
attention,65536,swap,bronchial fibroblast,0.671303658774648
attention,65536,swap,glomerular endothelial cell,0.6640060872437634
attention,65536,swap,kidney epithelial cell,0.719785765887912
attention,65536,swap,mammary microvascular endothelial cell,0.6590981663125351
attention,65536,swap,epithelial cell of alveolus of lung,0.651328546857069
attention,65536,swap,myometrial cell,0.6409430364700986
attention,65536,swap,cardiac atrium fibroblast,0.654470673686907
attention,65536,swap,endometrial microvascular endothelial cell,0.6664067952497971
attention,65536,swap,smooth muscle cell,0.6871869513889758
attention,65536,swap,hepatocyte,0.6884812171027871
attention,65536,swap,neural progenitor cell,0.731320793760809
attention,65536,swap,HT1080,0.6770430570101854
attention,65536,swap,SK-N-DZ,0.7018475774793718
attention,65536,swap,SK-MEL-5,0.6832025949583813
attention,65536,swap,NCI-H460,0.6836256873701784
attention,65536,swap,astrocyte,0.6616850427474937
attention,65536,swap,LHCN-M2,0.6924160064492313
attention,65536,swap,K562,0.648386144621634
attention,65536,swap,HepG2,0.686743536705334
attention,65536,swap,MCF-7,0.6968940407104041
attention,65536,swap,bipolar spindle neuron,0.6889880762261902
attention,65536,swap,skeletal muscle myoblast,0.6620915404719614
attention,65536,swap,myotube,0.6428995464308499
attention,65536,swap,H7-hESC,0.6935456619016901
attention,65536,swap,RPMI-7951,0.6692208496585426
attention,65536,swap,M059J,0.6752437833532725
attention,65536,swap,H4,0.6835101861703456
attention,65536,swap,MG63,0.6816351588437528
attention,65536,swap,G401,0.6676071807164907
attention,65536,swap,Caki2,0.6774922266177774
attention,65536,swap,SJSA1,0.6939176721529573
attention,65536,swap,Daoy,0.7003846074419521
attention,65536,swap,A172,0.6908186703267345
attention,65536,swap,induced pluripotent stem cell,0.7117233951339212
attention,65536,swap,fibroblast of arm,0.6356764242867322
attention,65536,swap,A375,0.6915593424739742
attention,65536,swap,HT-29,0.6057376992761677
attention,65536,swap,PC-3,0.6654789643144586
attention,65536,swap,Karpas-422,0.644216991826156
attention,65536,swap,Oci-Ly-7,0.6637353643890042
attention,65536,swap,SJCRH30,0.6951511453302779
attention,65536,swap,neural cell,0.671358920134008
attention,65536,swap,umbilical cord,0.665463427016372
attention,65536,swap,pericyte cell,0.6775939026400137
attention,65536,swap,melanocyte of skin,0.68103922715155
attention,65536,swap,placental epithelial cell,0.6603559082588916
attention,65536,swap,hair follicle dermal papilla cell,0.643561350613645
attention,65536,swap,hematopoietic multipotent progenitor cell,0.6214209521199735
attention,65536,swap,vein endothelial cell,0.6611817422956072
attention,65536,swap,osteoblast,0.6462303709635163
attention,65536,swap,articular chondrocyte of knee joint,0.6583769422401673
attention,65536,swap,thoracic aorta endothelial cell,0.6847772308305249
attention,65536,swap,fibroblast of the aortic adventitia,0.6674020695837783
attention,65536,swap,skeletal muscle satellite cell,0.661700824244305
attention,65536,swap,fibroblast of dermis,0.6757050270606292
attention,65536,swap,mammary epithelial cell,0.6771221219115904
attention,65536,swap,subcutaneous preadipocyte,0.6604909694209187
attention,65536,swap,fibroblast of villous mesenchyme,0.6676737875655405
attention,65536,swap,endothelial cell of umbilical vein,0.6433274318163311
attention,65536,swap,fibroblast of lung,0.6522841962542161
attention,65536,swap,keratinocyte,0.6595880150079599
attention,65536,swap,stomach,0.7016141435579216
attention,65536,swap,dermis microvascular lymphatic vessel endothelial cell,0.6472752176870984
attention,65536,swap,tongue,0.6685454192238433
attention,65536,swap,lung microvascular endothelial cell,0.6310749897123162
attention,65536,swap,liver,0.6319851145425235
attention,65536,swap,smooth muscle cell of the coronary artery,0.6429903754325744
attention,65536,swap,aortic smooth muscle cell,0.63889952741429
attention,65536,swap,cerebellum,0.7050287639804116
attention,65536,swap,occipital lobe,0.7034014460952861
attention,65536,swap,lung,0.7028878578069983
attention,65536,swap,metanephros,0.6925490514272331
attention,65536,swap,bronchial smooth muscle cell,0.6275314800093107
attention,65536,swap,spinal cord,0.7041716823475117
attention,65536,swap,parietal lobe,0.6900281692713082
attention,65536,swap,diencephalon,0.6962592630377363
attention,65536,swap,bronchial epithelial cell,0.6661782277057289
attention,65536,swap,human nasal epithelial cells,0.6703011397157908
attention,65536,swap,pulmonary artery endothelial cell,0.6649427028186312
attention,65536,swap,regular cardiac myocyte,0.668837336777688
attention,65536,swap,endothelial cell of coronary artery,0.6540840062012302
attention,65536,swap,skeletal muscle tissue,0.641720281777442
attention,65536,swap,skin of body,0.6778627544006949
attention,65536,swap,frontal cortex,0.6766780074179501
attention,65536,swap,camera-type eye,0.7267956889878955
attention,65536,swap,dermis lymphatic vessel endothelial cell,0.6572059099203583
attention,65536,swap,smooth muscle cell of the umbilical artery,0.6584642957736084
attention,65536,swap,tracheal epithelial cell,0.6636601234266011
attention,65536,swap,smooth muscle cell of trachea,0.6656791785177311
attention,65536,swap,renal cortical epithelial cell,0.7186636131799538
attention,65536,swap,dermis blood vessel endothelial cell,0.6586046477678877
attention,65536,swap,heart,0.6821119938191188
attention,65536,swap,thyroid gland,0.6331593769392081
attention,65536,swap,urinary bladder,0.6895608045798904
attention,65536,swap,temporal lobe,0.6731398711377652
attention,65536,swap,uterine smooth muscle cell,0.6805800170751035
attention,65536,swap,epithelial cell of umbilical artery,0.6694956349429773
attention,65536,swap,smooth muscle cell of the pulmonary artery,0.6364774093087552
attention,65536,swap,smooth muscle cell of bladder,0.6414890603747568
attention,65536,swap,bladder microvascular endothelial cell,0.6516300256173627
attention,65536,swap,uterus,0.7297894443487772
attention,65536,swap,GM12878,0.670637947221737
attention,65536,swap,Universal_Human_Reference,0.6881696855450383
attention,65536,swap,H1_Cell_Line,0.6518403253116316
attention,65536,swap,H1_BMP4_Derived_Mesendoderm_Cultured_Cells,0.6736910215591829
attention,65536,swap,H1_BMP4_Derived_Trophoblast_Cultured_Cells,0.6431186105790848
attention,65536,swap,H1_Derived_Mesenchymal_Stem_Cells,0.6037457998845319
attention,65536,swap,H1_Derived_Neuronal_Progenitor_Cultured_Cells,0.7078605596065902
attention,65536,swap,hESC_Derived_CD184+_Endoderm_Cultured_Cells,0.6984746473889512
attention,65536,swap,hESC_Derived_CD56+_Ectoderm_Cultured_Cells,0.7052278944657103
attention,65536,swap,hESC_Derived_CD56+_Mesoderm_Cultured_Cells,0.6826356777888944
attention,65536,swap,HUES64_Cell_Line,0.6888951361483129
attention,65536,swap,4star,0.6488331276526961
attention,65536,swap,Breast_Myoepithelial_Cells,0.644834068848018
attention,65536,swap,Breast_vHMEC,0.654081509271944
attention,65536,swap,CD4_Memory_Primary_Cells,0.5971896897066403
attention,65536,swap,CD4_Naive_Primary_Cells,0.5716564150087379
attention,65536,swap,CD8_Naive_Primary_Cells,0.5821497483581877
attention,65536,swap,Mobilized_CD34_Primary_Cells_Female,0.67489019680259
attention,65536,swap,Neurosphere_Cultured_Cells_Cortex_Derived,0.6532849762374731
attention,65536,swap,Neurosphere_Cultured_Cells_Ganglionic_Eminence_Derived,0.6681044310754156
attention,65536,swap,Penis_Foreskin_Fibroblast_Primary_Cells_skin01,0.6417713276246614
attention,65536,swap,Penis_Foreskin_Fibroblast_Primary_Cells_skin02,0.5881204291513721
attention,65536,swap,Penis_Foreskin_Keratinocyte_Primary_Cells_skin02,0.5760117507994013
attention,65536,swap,Penis_Foreskin_Keratinocyte_Primary_Cells_skin03,0.6506417028378249
attention,65536,swap,Penis_Foreskin_Melanocyte_Primary_Cells_skin01,0.5547338388606289
attention,65536,swap,Penis_Foreskin_Melanocyte_Primary_Cells_skin03,0.6248446085456065
attention,65536,swap,Peripheral_Blood_Mononuclear_Primary_Cells,0.5658041929101092
attention,65536,swap,Aorta,0.588247786582644
attention,65536,swap,Adult_Liver,0.5370260414049959
attention,65536,swap,Brain_Germinal_Matrix,0.6463621039976147
attention,65536,swap,Brain_Hippocampus_Middle,0.6283874974021766
attention,65536,swap,Esophagus,0.5784457732103061
attention,65536,swap,Fetal_Brain_Female,0.612945272700497
attention,65536,swap,Fetal_Intestine_Large,0.6447835099879863
attention,65536,swap,Fetal_Intestine_Small,0.635580872663807
attention,65536,swap,Pancreatic_Islets,0.6412138264543071
attention,65536,swap,Gastric,0.6206241557892389
attention,65536,swap,Left_Ventricle,0.6019746555222854
attention,65536,swap,Lung.1,0.6167635751739255
attention,65536,swap,Ovary.1,0.6514350258158046
attention,65536,swap,Pancreas.1,0.6041925771560612
attention,65536,swap,Psoas_Muscle,0.6021510634766066
attention,65536,swap,Right_Atrium,0.594500531088079
attention,65536,swap,Right_Ventricle,0.6051697031308156
attention,65536,swap,Sigmoid_Colon,0.5963276401872892
attention,65536,swap,Small_Intestine,0.5843369365296828
attention,65536,swap,Thymus,0.6394598603993273
attention,65536,swap,Spleen.1,0.6034736019938248
attention,65536,swap,A549,0.6868211017507028
attention,65536,swap,GM12878.1,0.6429925858897252
attention,65536,swap,HELA,0.6574714268551288
attention,65536,swap,HEPG2,0.5990946592459581
attention,65536,swap,HMEC,0.648858070970931
attention,65536,swap,HSMM,0.6438771657203028
attention,65536,swap,HUVEC,0.5921753296597189
attention,65536,swap,K562.1,0.6403078815628479
attention,65536,swap,NHEK,0.645866080809787
attention,65536,swap,NHLF,0.6427421230624958
